Ref,Val,Package,PosX,PosY,Rot,Side
"C1","100nF","C_0603_1608Metric",99.695000,-213.512500,90.000000,top
"C2","100nF","C_0603_1608Metric",200.660000,-213.512500,90.000000,top
"C3","100nF","C_0603_1608Metric",46.329500,-65.278000,0.000000,top
"C4","100nF","C_0603_1608Metric",46.710500,-177.609500,0.000000,top
"C5","100nF","C_0603_1608Metric",221.132500,-76.200000,180.000000,top
"C6","1µF","C_0603_1608Metric",221.132500,-74.295000,180.000000,top
"C7","100nF","C_0603_1608Metric",213.512500,-147.320000,180.000000,top
"C8","100nF","C_0603_1608Metric",217.805000,-144.297500,90.000000,top
"C9","1µF","C_0603_1608Metric",215.900000,-144.297500,90.000000,top
"D1","LEDCLOCK","LED_0603_1608Metric",60.172500,-33.401000,0.000000,top
"D2","LEDCLOCK","LED_0603_1608Metric",66.141500,-33.401000,0.000000,top
"D3","LEDCLOCK","LED_0603_1608Metric",60.172500,-38.481000,0.000000,top
"D4","LEDCLOCK","LED_0603_1608Metric",66.141500,-38.481000,0.000000,top
"D5","LEDCLOCK","LED_0603_1608Metric",60.299500,-44.450000,0.000000,top
"D6","LEDCLOCK","LED_0603_1608Metric",66.141500,-44.450000,0.000000,top
"D7","LEDCLOCK","LED_0603_1608Metric",74.650500,-33.909000,0.000000,top
"D8","LEDCLOCK","LED_0603_1608Metric",79.476500,-33.909000,0.000000,top
"D9","LEDCLOCK","LED_0603_1608Metric",74.650500,-38.100000,0.000000,top
"D10","LEDCLOCK","LED_0603_1608Metric",79.476500,-39.878000,0.000000,top
"D11","LEDCLOCK","LED_0603_1608Metric",79.349500,-43.942000,0.000000,top
"D12","LEDCLOCK","LED_0603_1608Metric",74.015500,-44.196000,0.000000,top
"D13","LEDCLOCK","LED_0603_1608Metric",102.336500,-33.401000,0.000000,top
"D14","LEDCLOCK","LED_0603_1608Metric",108.051500,-33.401000,0.000000,top
"D15","LEDCLOCK","LED_0603_1608Metric",105.257500,-36.068000,0.000000,top
"D16","LEDCLOCK","LED_0603_1608Metric",105.257500,-41.656000,0.000000,top
"D17","LEDCLOCK","LED_0603_1608Metric",102.209500,-44.450000,0.000000,top
"D18","LEDCLOCK","LED_0603_1608Metric",107.797500,-44.450000,0.000000,top
"D19","LEDCLOCK","LED_0603_1608Metric",116.814500,-34.036000,0.000000,top
"D20","LEDCLOCK","LED_0603_1608Metric",121.767500,-33.655000,0.000000,top
"D21","LEDCLOCK","LED_0603_1608Metric",116.814500,-38.227000,0.000000,top
"D22","LEDCLOCK","LED_0603_1608Metric",121.640500,-39.751000,0.000000,top
"D23","LEDCLOCK","LED_0603_1608Metric",121.132500,-44.196000,0.000000,top
"D24","LEDCLOCK","LED_0603_1608Metric",115.925500,-43.942000,0.000000,top
"D25","LEDCLOCK","LED_0603_1608Metric",129.387500,-33.401000,0.000000,top
"D26","LEDCLOCK","LED_0603_1608Metric",137.261500,-33.401000,0.000000,top
"D27","LEDCLOCK","LED_0603_1608Metric",133.324500,-33.401000,0.000000,top
"D28","LEDCLOCK","LED_0603_1608Metric",133.324500,-36.703000,0.000000,top
"D29","LEDCLOCK","LED_0603_1608Metric",133.324500,-40.259000,0.000000,top
"D30","LEDCLOCK","LED_0603_1608Metric",133.324500,-44.450000,0.000000,top
"D31","LEDCLOCK","LED_0603_1608Metric",159.105500,-33.401000,0.000000,top
"D32","LEDCLOCK","LED_0603_1608Metric",164.236500,-33.401000,0.000000,top
"D33","LEDCLOCK","LED_0603_1608Metric",159.131000,-36.449000,0.000000,top
"D34","LEDCLOCK","LED_0603_1608Metric",164.693500,-38.481000,0.000000,top
"D35","LEDCLOCK","LED_0603_1608Metric",159.258000,-40.640000,0.000000,top
"D36","LEDCLOCK","LED_0603_1608Metric",159.232500,-44.450000,0.000000,top
"D37","LEDCLOCK","LED_0603_1608Metric",175.514000,-30.480000,0.000000,top
"D38","LEDCLOCK","LED_0603_1608Metric",172.466000,-33.528000,0.000000,top
"D39","LEDCLOCK","LED_0603_1608Metric",178.536500,-33.401000,0.000000,top
"D40","LEDCLOCK","LED_0603_1608Metric",172.567500,-39.624000,0.000000,top
"D41","LEDCLOCK","LED_0603_1608Metric",178.663500,-39.624000,0.000000,top
"D42","LEDCLOCK","LED_0603_1608Metric",175.742500,-44.704000,0.000000,top
"D43","LEDCLOCK","LED_0603_1608Metric",186.918500,-33.528000,0.000000,top
"D44","LEDCLOCK","LED_0603_1608Metric",192.887500,-33.528000,0.000000,top
"D45","LEDCLOCK","LED_0603_1608Metric",187.426500,-39.370000,0.000000,top
"D46","LEDCLOCK","LED_0603_1608Metric",191.490500,-39.370000,0.000000,top
"D47","LEDCLOCK","LED_0603_1608Metric",186.664500,-44.450000,0.000000,top
"D48","LEDCLOCK","LED_0603_1608Metric",192.633500,-44.450000,0.000000,top
"D49","LEDCLOCK","LED_0603_1608Metric",201.523500,-33.528000,0.000000,top
"D50","LEDCLOCK","LED_0603_1608Metric",207.137000,-33.528000,0.000000,top
"D51","LEDCLOCK","LED_0603_1608Metric",201.396500,-37.084000,0.000000,top
"D52","LEDCLOCK","LED_0603_1608Metric",206.730500,-38.481000,0.000000,top
"D53","LEDCLOCK","LED_0603_1608Metric",201.396500,-40.132000,0.000000,top
"D54","LEDCLOCK","LED_0603_1608Metric",201.396500,-44.450000,0.000000,top
"D55","LEDCLOCK","LED_0603_1608Metric",59.918500,-53.340000,0.000000,top
"D56","LEDCLOCK","LED_0603_1608Metric",66.522500,-53.340000,0.000000,top
"D57","LEDCLOCK","LED_0603_1608Metric",64.516000,-56.896000,0.000000,top
"D58","LEDCLOCK","LED_0603_1608Metric",62.077500,-60.452000,0.000000,top
"D59","LEDCLOCK","LED_0603_1608Metric",59.918500,-64.389000,0.000000,top
"D60","LEDCLOCK","LED_0603_1608Metric",66.649500,-64.389000,0.000000,top
"D61","LEDCLOCK","LED_0603_1608Metric",74.396500,-53.340000,0.000000,top
"D62","LEDCLOCK","LED_0603_1608Metric",79.984500,-53.340000,0.000000,top
"D63","LEDCLOCK","LED_0603_1608Metric",74.295000,-58.420000,0.000000,top
"D64","LEDCLOCK","LED_0603_1608Metric",79.883000,-58.420000,0.000000,top
"D65","LEDCLOCK","LED_0603_1608Metric",74.269500,-64.389000,0.000000,top
"D66","LEDCLOCK","LED_0603_1608Metric",80.111500,-64.389000,0.000000,top
"D67","LEDCLOCK","LED_0603_1608Metric",87.858500,-53.340000,0.000000,top
"D68","LEDCLOCK","LED_0603_1608Metric",94.208500,-53.340000,0.000000,top
"D69","LEDCLOCK","LED_0603_1608Metric",87.858500,-58.420000,0.000000,top
"D70","LEDCLOCK","LED_0603_1608Metric",94.208500,-58.420000,0.000000,top
"D71","LEDCLOCK","LED_0603_1608Metric",87.858500,-64.262000,0.000000,top
"D72","LEDCLOCK","LED_0603_1608Metric",94.208500,-64.262000,0.000000,top
"D73","LEDCLOCK","LED_0603_1608Metric",102.336500,-53.340000,0.000000,top
"D74","LEDCLOCK","LED_0603_1608Metric",108.432500,-53.340000,0.000000,top
"D75","LEDCLOCK","LED_0603_1608Metric",103.352500,-58.928000,0.000000,top
"D76","LEDCLOCK","LED_0603_1608Metric",106.781500,-58.928000,0.000000,top
"D77","LEDCLOCK","LED_0603_1608Metric",102.082500,-64.262000,0.000000,top
"D78","LEDCLOCK","LED_0603_1608Metric",107.924500,-64.262000,0.000000,top
"D79","LEDCLOCK","LED_0603_1608Metric",116.433500,-53.340000,0.000000,top
"D80","LEDCLOCK","LED_0603_1608Metric",122.402500,-53.340000,0.000000,top
"D81","LEDCLOCK","LED_0603_1608Metric",121.005500,-56.642000,0.000000,top
"D82","LEDCLOCK","LED_0603_1608Metric",118.338500,-60.706000,0.000000,top
"D83","LEDCLOCK","LED_0603_1608Metric",116.306500,-64.389000,0.000000,top
"D84","LEDCLOCK","LED_0603_1608Metric",122.910500,-64.389000,0.000000,top
"D85","LEDCLOCK","LED_0603_1608Metric",129.133500,-53.340000,0.000000,top
"D86","LEDCLOCK","LED_0603_1608Metric",137.515500,-53.340000,0.000000,top
"D87","LEDCLOCK","LED_0603_1608Metric",135.483500,-58.039000,0.000000,top
"D88","LEDCLOCK","LED_0603_1608Metric",131.343500,-58.039000,0.000000,top
"D89","LEDCLOCK","LED_0603_1608Metric",130.911500,-64.262000,0.000000,top
"D90","LEDCLOCK","LED_0603_1608Metric",135.763000,-64.262000,0.000000,top
"D91","LEDCLOCK","LED_0603_1608Metric",147.421500,-53.340000,0.000000,top
"D92","LEDCLOCK","LED_0603_1608Metric",145.389500,-58.293000,0.000000,top
"D93","LEDCLOCK","LED_0603_1608Metric",149.453500,-58.293000,0.000000,top
"D94","LEDCLOCK","LED_0603_1608Metric",147.421500,-61.087000,0.000000,top
"D95","LEDCLOCK","LED_0603_1608Metric",143.611500,-64.262000,0.000000,top
"D96","LEDCLOCK","LED_0603_1608Metric",151.231500,-64.262000,0.000000,top
"D97","LEDCLOCK","LED_0603_1608Metric",158.597500,-53.340000,0.000000,top
"D98","LEDCLOCK","LED_0603_1608Metric",164.693500,-53.340000,0.000000,top
"D99","LEDCLOCK","LED_0603_1608Metric",163.296500,-59.182000,0.000000,top
"D100","LEDCLOCK","LED_0603_1608Metric",159.766000,-59.182000,0.000000,top
"D101","LEDCLOCK","LED_0603_1608Metric",158.470500,-64.262000,0.000000,top
"D102","LEDCLOCK","LED_0603_1608Metric",164.465000,-64.262000,0.000000,top
"D103","LEDCLOCK","LED_0603_1608Metric",172.694500,-53.340000,0.000000,top
"D104","LEDCLOCK","LED_0603_1608Metric",179.171500,-53.213000,0.000000,top
"D105","LEDCLOCK","LED_0603_1608Metric",177.647500,-56.515000,0.000000,top
"D106","LEDCLOCK","LED_0603_1608Metric",175.260000,-60.071000,0.000000,top
"D107","LEDCLOCK","LED_0603_1608Metric",172.821500,-64.262000,0.000000,top
"D108","LEDCLOCK","LED_0603_1608Metric",179.425500,-64.389000,0.000000,top
"D109","LEDCLOCK","LED_0603_1608Metric",187.045500,-53.340000,0.000000,top
"D110","LEDCLOCK","LED_0603_1608Metric",192.405000,-53.340000,0.000000,top
"D111","LEDCLOCK","LED_0603_1608Metric",189.712500,-56.642000,0.000000,top
"D112","LEDCLOCK","LED_0603_1608Metric",189.585500,-60.706000,0.000000,top
"D113","LEDCLOCK","LED_0603_1608Metric",186.918500,-64.389000,0.000000,top
"D114","LEDCLOCK","LED_0603_1608Metric",192.379500,-64.389000,0.000000,top
"D115","LEDCLOCK","LED_0603_1608Metric",201.930000,-53.975000,0.000000,top
"D116","LEDCLOCK","LED_0603_1608Metric",206.857500,-53.975000,0.000000,top
"D117","LEDCLOCK","LED_0603_1608Metric",200.253500,-58.801000,0.000000,top
"D118","LEDCLOCK","LED_0603_1608Metric",201.777500,-63.627000,0.000000,top
"D119","LEDCLOCK","LED_0603_1608Metric",207.035500,-63.881000,0.000000,top
"D120","LEDCLOCK","LED_0603_1608Metric",206.349500,-59.436000,0.000000,top
"D121","LEDCLOCK","LED_0603_1608Metric",59.283500,-73.279000,0.000000,top
"D122","LEDCLOCK","LED_0603_1608Metric",66.522500,-73.152000,0.000000,top
"D123","LEDCLOCK","LED_0603_1608Metric",60.426500,-77.089000,0.000000,top
"D124","LEDCLOCK","LED_0603_1608Metric",65.252500,-77.089000,0.000000,top
"D125","LEDCLOCK","LED_0603_1608Metric",62.839500,-81.026000,0.000000,top
"D126","LEDCLOCK","LED_0603_1608Metric",62.839500,-84.074000,0.000000,top
"D127","LEDCLOCK","LED_0603_1608Metric",74.142500,-73.152000,0.000000,top
"D128","LEDCLOCK","LED_0603_1608Metric",79.603500,-73.152000,0.000000,top
"D129","LEDCLOCK","LED_0603_1608Metric",76.936500,-76.835000,0.000000,top
"D130","LEDCLOCK","LED_0603_1608Metric",76.936500,-80.518000,0.000000,top
"D131","LEDCLOCK","LED_0603_1608Metric",74.396500,-84.201000,0.000000,top
"D132","LEDCLOCK","LED_0603_1608Metric",79.603500,-84.201000,0.000000,top
"D133","LEDCLOCK","LED_0603_1608Metric",88.493500,-73.152000,0.000000,top
"D134","LEDCLOCK","LED_0603_1608Metric",94.081500,-73.152000,0.000000,top
"D135","LEDCLOCK","LED_0603_1608Metric",88.493500,-78.232000,0.000000,top
"D136","LEDCLOCK","LED_0603_1608Metric",93.980000,-78.232000,0.000000,top
"D137","LEDCLOCK","LED_0603_1608Metric",88.366500,-84.201000,0.000000,top
"D138","LEDCLOCK","LED_0603_1608Metric",94.208500,-84.201000,0.000000,top
"D139","LEDCLOCK","LED_0603_1608Metric",102.082500,-73.152000,0.000000,top
"D140","LEDCLOCK","LED_0603_1608Metric",107.670500,-74.422000,0.000000,top
"D141","LEDCLOCK","LED_0603_1608Metric",102.209500,-78.994000,0.000000,top
"D142","LEDCLOCK","LED_0603_1608Metric",106.172000,-78.994000,0.000000,top
"D143","LEDCLOCK","LED_0603_1608Metric",101.955500,-84.201000,0.000000,top
"D144","LEDCLOCK","LED_0603_1608Metric",109.194500,-84.201000,0.000000,top
"D145","LEDCLOCK","LED_0603_1608Metric",115.290500,-73.152000,0.000000,top
"D146","LEDCLOCK","LED_0603_1608Metric",119.227500,-73.152000,0.000000,top
"D147","LEDCLOCK","LED_0603_1608Metric",123.164500,-73.152000,0.000000,top
"D148","LEDCLOCK","LED_0603_1608Metric",119.227500,-76.962000,0.000000,top
"D149","LEDCLOCK","LED_0603_1608Metric",119.227500,-80.391000,0.000000,top
"D150","LEDCLOCK","LED_0603_1608Metric",119.100500,-84.201000,0.000000,top
"D151","LEDCLOCK","LED_0603_1608Metric",130.784500,-73.152000,0.000000,top
"D152","LEDCLOCK","LED_0603_1608Metric",136.398000,-73.152000,0.000000,top
"D153","LEDCLOCK","LED_0603_1608Metric",130.835500,-78.359000,0.000000,top
"D154","LEDCLOCK","LED_0603_1608Metric",136.118500,-78.359000,0.000000,top
"D155","LEDCLOCK","LED_0603_1608Metric",130.784500,-84.201000,0.000000,top
"D156","LEDCLOCK","LED_0603_1608Metric",136.626500,-84.201000,0.000000,top
"D157","LEDCLOCK","LED_0603_1608Metric",145.135500,-73.279000,0.000000,top
"D158","LEDCLOCK","LED_0603_1608Metric",145.008500,-76.835000,0.000000,top
"D159","LEDCLOCK","LED_0603_1608Metric",145.008500,-80.518000,0.000000,top
"D160","LEDCLOCK","LED_0603_1608Metric",144.907000,-84.201000,0.000000,top
"D161","LEDCLOCK","LED_0603_1608Metric",147.955000,-84.099500,90.000000,top
"D162","LEDCLOCK","LED_0603_1608Metric",150.977500,-84.201000,0.000000,top
"D163","LEDCLOCK","LED_0603_1608Metric",171.932500,-73.279000,0.000000,top
"D164","LEDCLOCK","LED_0603_1608Metric",179.451000,-73.152000,0.000000,top
"D165","LEDCLOCK","LED_0603_1608Metric",173.202500,-77.597000,0.000000,top
"D166","LEDCLOCK","LED_0603_1608Metric",178.028500,-77.597000,0.000000,top
"D167","LEDCLOCK","LED_0603_1608Metric",175.742500,-80.899000,0.000000,top
"D168","LEDCLOCK","LED_0603_1608Metric",175.742500,-84.201000,0.000000,top
"D169","LEDCLOCK","LED_0603_1608Metric",189.712500,-73.025000,0.000000,top
"D170","LEDCLOCK","LED_0603_1608Metric",186.664500,-75.692000,0.000000,top
"D171","LEDCLOCK","LED_0603_1608Metric",192.633500,-75.692000,0.000000,top
"D172","LEDCLOCK","LED_0603_1608Metric",186.563000,-80.772000,0.000000,top
"D173","LEDCLOCK","LED_0603_1608Metric",192.887500,-80.772000,0.000000,top
"D174","LEDCLOCK","LED_0603_1608Metric",189.712500,-84.455000,0.000000,top
"D175","LEDCLOCK","LED_0603_1608Metric",201.015500,-73.025000,0.000000,top
"D176","LEDCLOCK","LED_0603_1608Metric",205.841500,-74.041000,0.000000,top
"D177","LEDCLOCK","LED_0603_1608Metric",200.888500,-78.867000,0.000000,top
"D178","LEDCLOCK","LED_0603_1608Metric",205.206500,-78.994000,0.000000,top
"D179","LEDCLOCK","LED_0603_1608Metric",207.924500,-84.201000,0.000000,top
"D180","LEDCLOCK","LED_0603_1608Metric",200.634500,-84.201000,0.000000,top
"D181","LEDCLOCK","LED_0603_1608Metric",60.172500,-92.964000,0.000000,top
"D182","LEDCLOCK","LED_0603_1608Metric",66.141500,-92.964000,0.000000,top
"D183","LEDCLOCK","LED_0603_1608Metric",61.061500,-98.552000,0.000000,top
"D184","LEDCLOCK","LED_0603_1608Metric",59.817000,-104.013000,0.000000,top
"D185","LEDCLOCK","LED_0603_1608Metric",64.617500,-98.552000,0.000000,top
"D186","LEDCLOCK","LED_0603_1608Metric",65.633500,-104.013000,0.000000,top
"D187","LEDCLOCK","LED_0603_1608Metric",76.936500,-93.091000,0.000000,top
"D188","LEDCLOCK","LED_0603_1608Metric",75.031500,-97.536000,0.000000,top
"D189","LEDCLOCK","LED_0603_1608Metric",78.714500,-97.536000,0.000000,top
"D190","LEDCLOCK","LED_0603_1608Metric",76.936500,-100.838000,0.000000,top
"D191","LEDCLOCK","LED_0603_1608Metric",73.177500,-104.140000,0.000000,top
"D192","LEDCLOCK","LED_0603_1608Metric",81.000500,-104.013000,0.000000,top
"D193","LEDCLOCK","LED_0603_1608Metric",89.763500,-93.599000,0.000000,top
"D194","LEDCLOCK","LED_0603_1608Metric",94.081500,-93.345000,0.000000,top
"D195","LEDCLOCK","LED_0603_1608Metric",88.112500,-97.282000,0.000000,top
"D196","LEDCLOCK","LED_0603_1608Metric",88.112500,-100.584000,0.000000,top
"D197","LEDCLOCK","LED_0603_1608Metric",90.144500,-104.013000,0.000000,top
"D198","LEDCLOCK","LED_0603_1608Metric",94.081500,-103.632000,0.000000,top
"D199","LEDCLOCK","LED_0603_1608Metric",101.981000,-93.091000,0.000000,top
"D200","LEDCLOCK","LED_0603_1608Metric",108.204000,-93.091000,0.000000,top
"D201","LEDCLOCK","LED_0603_1608Metric",102.387500,-98.171000,0.000000,top
"D202","LEDCLOCK","LED_0603_1608Metric",108.204000,-98.044000,0.000000,top
"D203","LEDCLOCK","LED_0603_1608Metric",102.209500,-104.013000,0.000000,top
"D204","LEDCLOCK","LED_0603_1608Metric",108.305500,-104.013000,0.000000,top
"D205","LEDCLOCK","LED_0603_1608Metric",130.340000,-93.154500,0.000000,top
"D206","LEDCLOCK","LED_0603_1608Metric",136.436000,-98.171000,0.000000,top
"D207","LEDCLOCK","LED_0603_1608Metric",136.499500,-93.027500,0.000000,top
"D208","LEDCLOCK","LED_0603_1608Metric",130.340000,-104.013000,0.000000,top
"D209","LEDCLOCK","LED_0603_1608Metric",136.499500,-104.013000,0.000000,top
"D210","LEDCLOCK","LED_0603_1608Metric",130.302000,-98.171000,0.000000,top
"D211","LEDCLOCK","LED_0603_1608Metric",147.421500,-93.091000,0.000000,top
"D212","LEDCLOCK","LED_0603_1608Metric",147.510500,-100.901500,0.000000,top
"D213","LEDCLOCK","LED_0603_1608Metric",145.580000,-97.536000,0.000000,top
"D214","LEDCLOCK","LED_0603_1608Metric",143.637000,-104.013000,0.000000,top
"D215","LEDCLOCK","LED_0603_1608Metric",151.295000,-104.013000,0.000000,top
"D216","LEDCLOCK","LED_0603_1608Metric",149.263000,-97.536000,0.000000,top
"D217","LEDCLOCK","LED_0603_1608Metric",159.105500,-93.154500,0.000000,top
"D218","LEDCLOCK","LED_0603_1608Metric",159.004000,-99.504500,0.000000,top
"D219","LEDCLOCK","LED_0603_1608Metric",159.105500,-96.329500,0.000000,top
"D220","LEDCLOCK","LED_0603_1608Metric",159.169000,-104.076500,0.000000,top
"D221","LEDCLOCK","LED_0603_1608Metric",165.138000,-104.140000,0.000000,top
"D222","LEDCLOCK","LED_0603_1608Metric",162.179000,-104.114500,90.000000,top
"D223","LEDCLOCK","LED_0603_1608Metric",172.758000,-93.027500,0.000000,top
"D224","LEDCLOCK","LED_0603_1608Metric",177.203000,-98.107500,0.000000,top
"D225","LEDCLOCK","LED_0603_1608Metric",178.092000,-94.043500,0.000000,top
"D226","LEDCLOCK","LED_0603_1608Metric",173.202500,-104.076500,0.000000,top
"D227","LEDCLOCK","LED_0603_1608Metric",178.346000,-103.124000,0.000000,top
"D228","LEDCLOCK","LED_0603_1608Metric",172.885000,-98.171000,0.000000,top
"D229","LEDCLOCK","LED_0603_1608Metric",59.918500,-112.903000,0.000000,top
"D230","LEDCLOCK","LED_0603_1608Metric",66.268500,-112.903000,0.000000,top
"D231","LEDCLOCK","LED_0603_1608Metric",64.363500,-116.586000,0.000000,top
"D232","LEDCLOCK","LED_0603_1608Metric",61.823500,-120.396000,0.000000,top
"D233","LEDCLOCK","LED_0603_1608Metric",59.791500,-123.952000,0.000000,top
"D234","LEDCLOCK","LED_0603_1608Metric",66.649500,-123.952000,0.000000,top
"D235","LEDCLOCK","LED_0603_1608Metric",72.682000,-112.903000,0.000000,top
"D236","LEDCLOCK","LED_0603_1608Metric",74.904500,-116.459000,0.000000,top
"D237","LEDCLOCK","LED_0603_1608Metric",81.191000,-112.966500,0.000000,top
"D238","LEDCLOCK","LED_0603_1608Metric",74.460000,-123.888500,0.000000,top
"D239","LEDCLOCK","LED_0603_1608Metric",78.905000,-116.459000,0.000000,top
"D240","LEDCLOCK","LED_0603_1608Metric",79.286000,-123.888500,0.000000,top
"D241","LEDCLOCK","LED_0603_1608Metric",90.970000,-109.918500,0.000000,top
"D242","LEDCLOCK","LED_0603_1608Metric",91.021000,-112.776000,0.000000,top
"D243","LEDCLOCK","LED_0603_1608Metric",87.795000,-117.348000,0.000000,top
"D244","LEDCLOCK","LED_0603_1608Metric",88.430000,-122.682000,0.000000,top
"D245","LEDCLOCK","LED_0603_1608Metric",93.726000,-122.682000,0.000000,top
"D246","LEDCLOCK","LED_0603_1608Metric",94.335500,-117.348000,0.000000,top
"D247","LEDCLOCK","LED_0603_1608Metric",102.717500,-113.030000,0.000000,top
"D248","LEDCLOCK","LED_0603_1608Metric",102.654000,-119.951500,0.000000,top
"D249","LEDCLOCK","LED_0603_1608Metric",102.717500,-116.522500,0.000000,top
"D250","LEDCLOCK","LED_0603_1608Metric",102.717500,-123.888500,0.000000,top
"D251","LEDCLOCK","LED_0603_1608Metric",108.686500,-123.952000,0.000000,top
"D252","LEDCLOCK","LED_0603_1608Metric",105.664000,-123.850500,90.000000,top
"D253","LEDCLOCK","LED_0603_1608Metric",117.005000,-113.030000,0.000000,top
"D254","LEDCLOCK","LED_0603_1608Metric",116.941500,-116.078000,0.000000,top
"D255","LEDCLOCK","LED_0603_1608Metric",122.453500,-112.903000,0.000000,top
"D256","LEDCLOCK","LED_0603_1608Metric",116.941500,-123.888500,0.000000,top
"D257","LEDCLOCK","LED_0603_1608Metric",121.882000,-117.983000,0.000000,top
"D258","LEDCLOCK","LED_0603_1608Metric",116.878000,-119.951500,0.000000,top
"D259","LEDCLOCK","LED_0603_1608Metric",130.276500,-112.966500,0.000000,top
"D260","LEDCLOCK","LED_0603_1608Metric",130.149500,-118.364000,0.000000,top
"D261","LEDCLOCK","LED_0603_1608Metric",135.509000,-114.427000,0.000000,top
"D262","LEDCLOCK","LED_0603_1608Metric",130.276500,-124.079000,0.000000,top
"D263","LEDCLOCK","LED_0603_1608Metric",135.471000,-122.618500,0.000000,top
"D264","LEDCLOCK","LED_0603_1608Metric",136.690000,-118.491000,0.000000,top
"D265","LEDCLOCK","LED_0603_1608Metric",144.500500,-112.966500,0.000000,top
"D266","LEDCLOCK","LED_0603_1608Metric",144.500500,-118.745000,0.000000,top
"D267","LEDCLOCK","LED_0603_1608Metric",149.771000,-114.173000,0.000000,top
"D268","LEDCLOCK","LED_0603_1608Metric",144.310000,-123.952000,0.000000,top
"D269","LEDCLOCK","LED_0603_1608Metric",148.437500,-118.745000,0.000000,top
"D270","LEDCLOCK","LED_0603_1608Metric",151.485500,-123.952000,0.000000,top
"D271","LEDCLOCK","LED_0603_1608Metric",159.042000,-112.903000,0.000000,top
"D272","LEDCLOCK","LED_0603_1608Metric",159.131000,-117.983000,0.000000,top
"D273","LEDCLOCK","LED_0603_1608Metric",164.782500,-112.903000,0.000000,top
"D274","LEDCLOCK","LED_0603_1608Metric",159.169000,-123.952000,0.000000,top
"D275","LEDCLOCK","LED_0603_1608Metric",164.439500,-118.046500,0.000000,top
"D276","LEDCLOCK","LED_0603_1608Metric",164.846000,-123.952000,0.000000,top
"D277","LEDCLOCK","LED_0603_1608Metric",173.012000,-112.966500,0.000000,top
"D278","LEDCLOCK","LED_0603_1608Metric",175.742500,-120.586500,0.000000,top
"D279","LEDCLOCK","LED_0603_1608Metric",178.282500,-112.966500,0.000000,top
"D280","LEDCLOCK","LED_0603_1608Metric",173.012000,-123.952000,0.000000,top
"D281","LEDCLOCK","LED_0603_1608Metric",178.346000,-123.952000,0.000000,top
"D282","LEDCLOCK","LED_0603_1608Metric",175.704500,-116.586000,0.000000,top
"D283","LEDCLOCK","LED_0603_1608Metric",186.982000,-112.966500,0.000000,top
"D284","LEDCLOCK","LED_0603_1608Metric",193.078000,-113.030000,0.000000,top
"D285","LEDCLOCK","LED_0603_1608Metric",188.252000,-119.062500,0.000000,top
"D286","LEDCLOCK","LED_0603_1608Metric",186.855000,-123.888500,0.000000,top
"D287","LEDCLOCK","LED_0603_1608Metric",192.760500,-123.888500,0.000000,top
"D288","LEDCLOCK","LED_0603_1608Metric",191.643000,-119.062500,0.000000,top
"D289","LEDCLOCK","LED_0603_1608Metric",201.650500,-113.474500,0.000000,top
"D290","LEDCLOCK","LED_0603_1608Metric",205.714500,-123.888500,0.000000,top
"D291","LEDCLOCK","LED_0603_1608Metric",206.857500,-120.015000,0.000000,top
"D292","LEDCLOCK","LED_0603_1608Metric",200.761500,-123.507500,0.000000,top
"D293","LEDCLOCK","LED_0603_1608Metric",201.777500,-117.602000,0.000000,top
"D294","LEDCLOCK","LED_0603_1608Metric",206.438500,-113.220500,0.000000,top
"D295","LEDCLOCK","LED_0603_1608Metric",60.299500,-132.842000,0.000000,top
"D296","LEDCLOCK","LED_0603_1608Metric",66.078000,-143.827500,0.000000,top
"D297","LEDCLOCK","LED_0603_1608Metric",65.760500,-132.842000,0.000000,top
"D298","LEDCLOCK","LED_0603_1608Metric",60.299500,-143.827500,0.000000,top
"D299","LEDCLOCK","LED_0603_1608Metric",65.633500,-137.922000,0.000000,top
"D300","LEDCLOCK","LED_0603_1608Metric",60.325000,-137.922000,0.000000,top
"D301","LEDCLOCK","LED_0603_1608Metric",74.460000,-132.905500,0.000000,top
"D302","LEDCLOCK","LED_0603_1608Metric",74.460000,-136.525000,0.000000,top
"D303","LEDCLOCK","LED_0603_1608Metric",77.660500,-143.802000,90.000000,top
"D304","LEDCLOCK","LED_0603_1608Metric",74.523500,-143.827500,0.000000,top
"D305","LEDCLOCK","LED_0603_1608Metric",80.492500,-143.891000,0.000000,top
"D306","LEDCLOCK","LED_0603_1608Metric",74.460000,-139.890500,0.000000,top
"D307","LEDCLOCK","LED_0603_1608Metric",88.646000,-140.081000,0.000000,top
"D308","LEDCLOCK","LED_0603_1608Metric",88.747500,-132.842000,0.000000,top
"D309","LEDCLOCK","LED_0603_1608Metric",93.827500,-137.922000,0.000000,top
"D310","LEDCLOCK","LED_0603_1608Metric",88.747500,-143.764000,0.000000,top
"D311","LEDCLOCK","LED_0603_1608Metric",94.335500,-132.842000,0.000000,top
"D312","LEDCLOCK","LED_0603_1608Metric",88.747500,-136.271000,0.000000,top
"D313","LEDCLOCK","LED_0603_1608Metric",102.209500,-132.842000,0.000000,top
"D314","LEDCLOCK","LED_0603_1608Metric",105.156000,-129.794000,0.000000,top
"D315","LEDCLOCK","LED_0603_1608Metric",108.305500,-138.684000,0.000000,top
"D316","LEDCLOCK","LED_0603_1608Metric",102.082500,-138.811000,0.000000,top
"D317","LEDCLOCK","LED_0603_1608Metric",105.384500,-144.145000,0.000000,top
"D318","LEDCLOCK","LED_0603_1608Metric",108.305500,-132.842000,0.000000,top
"D319","LEDCLOCK","LED_0603_1608Metric",117.703500,-138.938000,0.000000,top
"D320","LEDCLOCK","LED_0603_1608Metric",116.433500,-132.842000,0.000000,top
"D321","LEDCLOCK","LED_0603_1608Metric",122.402500,-132.842000,0.000000,top
"D322","LEDCLOCK","LED_0603_1608Metric",116.179500,-143.764000,0.000000,top
"D323","LEDCLOCK","LED_0603_1608Metric",122.072500,-143.764000,0.000000,top
"D324","LEDCLOCK","LED_0603_1608Metric",121.285000,-138.938000,0.000000,top
"D325","LEDCLOCK","LED_0603_1608Metric",131.038500,-136.144000,0.000000,top
"D326","LEDCLOCK","LED_0603_1608Metric",136.169500,-137.922000,0.000000,top
"D327","LEDCLOCK","LED_0603_1608Metric",131.165500,-132.842000,0.000000,top
"D328","LEDCLOCK","LED_0603_1608Metric",131.038500,-139.827000,0.000000,top
"D329","LEDCLOCK","LED_0603_1608Metric",131.038500,-143.764000,0.000000,top
"D330","LEDCLOCK","LED_0603_1608Metric",136.626500,-132.842000,0.000000,top
"D331","LEDCLOCK","LED_0603_1608Metric",146.786500,-139.827000,0.000000,top
"D332","LEDCLOCK","LED_0603_1608Metric",144.373500,-132.842000,0.000000,top
"D333","LEDCLOCK","LED_0603_1608Metric",149.199500,-136.398000,0.000000,top
"D334","LEDCLOCK","LED_0603_1608Metric",151.104500,-132.842000,0.000000,top
"D335","LEDCLOCK","LED_0603_1608Metric",144.500500,-143.891000,0.000000,top
"D336","LEDCLOCK","LED_0603_1608Metric",151.231500,-143.891000,0.000000,top
"D337","LEDCLOCK","LED_0603_1608Metric",163.423500,-137.033000,0.000000,top
"D338","LEDCLOCK","LED_0603_1608Metric",159.232500,-143.764000,0.000000,top
"D339","LEDCLOCK","LED_0603_1608Metric",165.862000,-132.842000,0.000000,top
"D340","LEDCLOCK","LED_0603_1608Metric",157.454500,-132.842000,0.000000,top
"D341","LEDCLOCK","LED_0603_1608Metric",159.740500,-137.033000,0.000000,top
"D342","LEDCLOCK","LED_0603_1608Metric",164.058500,-143.764000,0.000000,top
"D343","LEDCLOCK","LED_0603_1608Metric",173.075500,-132.842000,0.000000,top
"D344","LEDCLOCK","LED_0603_1608Metric",173.101000,-137.795000,0.000000,top
"D345","LEDCLOCK","LED_0603_1608Metric",178.790500,-132.842000,0.000000,top
"D346","LEDCLOCK","LED_0603_1608Metric",173.101000,-143.891000,0.000000,top
"D347","LEDCLOCK","LED_0603_1608Metric",178.816000,-143.891000,0.000000,top
"D348","LEDCLOCK","LED_0603_1608Metric",178.409500,-137.922000,0.000000,top
"D349","LEDCLOCK","LED_0603_1608Metric",187.071000,-143.891000,0.000000,top
"D350","LEDCLOCK","LED_0603_1608Metric",189.839500,-139.954000,0.000000,top
"D351","LEDCLOCK","LED_0603_1608Metric",192.278000,-143.891000,0.000000,top
"D352","LEDCLOCK","LED_0603_1608Metric",187.172500,-132.842000,0.000000,top
"D353","LEDCLOCK","LED_0603_1608Metric",192.379500,-132.842000,0.000000,top
"D354","LEDCLOCK","LED_0603_1608Metric",189.839500,-136.398000,0.000000,top
"D355","LEDCLOCK","LED_0603_1608Metric",88.557000,-156.527500,0.000000,top
"D356","LEDCLOCK","LED_0603_1608Metric",87.465000,-152.717500,0.000000,top
"D357","LEDCLOCK","LED_0603_1608Metric",94.716500,-152.717500,0.000000,top
"D358","LEDCLOCK","LED_0603_1608Metric",91.224000,-163.639500,0.000000,top
"D359","LEDCLOCK","LED_0603_1608Metric",91.224000,-160.274000,0.000000,top
"D360","LEDCLOCK","LED_0603_1608Metric",93.573500,-156.527500,0.000000,top
"D361","LEDCLOCK","LED_0603_1608Metric",105.156000,-160.147000,0.000000,top
"D362","LEDCLOCK","LED_0603_1608Metric",105.156000,-156.337000,0.000000,top
"D363","LEDCLOCK","LED_0603_1608Metric",102.489000,-152.654000,0.000000,top
"D364","LEDCLOCK","LED_0603_1608Metric",107.696000,-163.703000,0.000000,top
"D365","LEDCLOCK","LED_0603_1608Metric",102.336500,-163.703000,0.000000,top
"D366","LEDCLOCK","LED_0603_1608Metric",107.797500,-152.654000,0.000000,top
"D367","LEDCLOCK","LED_0603_1608Metric",116.586000,-157.797500,0.000000,top
"D368","LEDCLOCK","LED_0603_1608Metric",116.586000,-152.654000,0.000000,top
"D369","LEDCLOCK","LED_0603_1608Metric",122.301000,-152.717500,0.000000,top
"D370","LEDCLOCK","LED_0603_1608Metric",116.586000,-163.703000,0.000000,top
"D371","LEDCLOCK","LED_0603_1608Metric",122.009000,-157.797500,0.000000,top
"D372","LEDCLOCK","LED_0603_1608Metric",122.428000,-163.703000,0.000000,top
"D373","LEDCLOCK","LED_0603_1608Metric",130.302000,-158.496000,0.000000,top
"D374","LEDCLOCK","LED_0603_1608Metric",130.340000,-152.654000,0.000000,top
"D375","LEDCLOCK","LED_0603_1608Metric",130.213000,-163.639500,0.000000,top
"D376","LEDCLOCK","LED_0603_1608Metric",135.737500,-153.924000,0.000000,top
"D377","LEDCLOCK","LED_0603_1608Metric",134.277000,-158.432500,0.000000,top
"D378","LEDCLOCK","LED_0603_1608Metric",137.452000,-163.703000,0.000000,top
"D379","LEDCLOCK","LED_0603_1608Metric",149.390000,-163.131500,0.000000,top
"D380","LEDCLOCK","LED_0603_1608Metric",144.373500,-163.512500,0.000000,top
"D381","LEDCLOCK","LED_0603_1608Metric",149.479000,-158.813500,0.000000,top
"D382","LEDCLOCK","LED_0603_1608Metric",149.923500,-153.098500,0.000000,top
"D383","LEDCLOCK","LED_0603_1608Metric",145.034000,-157.099000,0.000000,top
"D384","LEDCLOCK","LED_0603_1608Metric",145.008500,-153.352500,0.000000,top
"D385","LEDCLOCK","LED_0603_1608Metric",158.940500,-157.797500,0.000000,top
"D386","LEDCLOCK","LED_0603_1608Metric",159.004000,-152.717500,0.000000,top
"D387","LEDCLOCK","LED_0603_1608Metric",164.693500,-152.654000,0.000000,top
"D388","LEDCLOCK","LED_0603_1608Metric",158.978500,-163.703000,0.000000,top
"D389","LEDCLOCK","LED_0603_1608Metric",164.363500,-157.797500,0.000000,top
"D390","LEDCLOCK","LED_0603_1608Metric",164.782500,-163.703000,0.000000,top
"D391","LEDCLOCK","LED_0603_1608Metric",174.345500,-152.844500,0.000000,top
"D392","LEDCLOCK","LED_0603_1608Metric",178.625500,-153.162000,0.000000,top
"D393","LEDCLOCK","LED_0603_1608Metric",172.656500,-160.147000,0.000000,top
"D394","LEDCLOCK","LED_0603_1608Metric",178.663500,-163.258500,0.000000,top
"D395","LEDCLOCK","LED_0603_1608Metric",172.821500,-156.591000,0.000000,top
"D396","LEDCLOCK","LED_0603_1608Metric",174.409000,-163.639500,0.000000,top
"D397","LEDCLOCK","LED_0603_1608Metric",192.938500,-152.717500,0.000000,top
"D398","LEDCLOCK","LED_0603_1608Metric",186.652000,-157.734000,0.000000,top
"D399","LEDCLOCK","LED_0603_1608Metric",192.938500,-157.797500,0.000000,top
"D400","LEDCLOCK","LED_0603_1608Metric",186.601000,-152.781000,0.000000,top
"D401","LEDCLOCK","LED_0603_1608Metric",192.976500,-163.639500,0.000000,top
"D402","LEDCLOCK","LED_0603_1608Metric",186.664500,-163.639500,0.000000,top
"D403","LEDCLOCK","LED_0603_1608Metric",201.523500,-153.162000,0.000000,top
"D404","LEDCLOCK","LED_0603_1608Metric",201.142500,-156.972000,0.000000,top
"D405","LEDCLOCK","LED_0603_1608Metric",206.476500,-152.971500,0.000000,top
"D406","LEDCLOCK","LED_0603_1608Metric",200.787000,-163.258500,0.000000,top
"D407","LEDCLOCK","LED_0603_1608Metric",205.803500,-158.940500,0.000000,top
"D408","LEDCLOCK","LED_0603_1608Metric",206.159000,-163.258500,0.000000,top
"D409","LEDCLOCK","LED_0603_1608Metric",64.935000,-178.752500,0.000000,top
"D410","LEDCLOCK","LED_0603_1608Metric",60.490000,-173.228000,0.000000,top
"D411","LEDCLOCK","LED_0603_1608Metric",65.405000,-172.910500,0.000000,top
"D412","LEDCLOCK","LED_0603_1608Metric",59.855000,-183.007000,0.000000,top
"D413","LEDCLOCK","LED_0603_1608Metric",64.998500,-183.197500,0.000000,top
"D414","LEDCLOCK","LED_0603_1608Metric",60.477500,-176.974500,0.000000,top
"D415","LEDCLOCK","LED_0603_1608Metric",74.333000,-183.578500,0.000000,top
"D416","LEDCLOCK","LED_0603_1608Metric",76.898500,-175.895000,0.000000,top
"D417","LEDCLOCK","LED_0603_1608Metric",74.358500,-172.529500,0.000000,top
"D418","LEDCLOCK","LED_0603_1608Metric",76.898500,-179.514500,0.000000,top
"D419","LEDCLOCK","LED_0603_1608Metric",79.603500,-183.642000,0.000000,top
"D420","LEDCLOCK","LED_0603_1608Metric",79.603500,-172.529500,0.000000,top
"D421","LEDCLOCK","LED_0603_1608Metric",88.430000,-177.673000,0.000000,top
"D422","LEDCLOCK","LED_0603_1608Metric",88.303000,-172.656500,0.000000,top
"D423","LEDCLOCK","LED_0603_1608Metric",94.081500,-172.656500,0.000000,top
"D424","LEDCLOCK","LED_0603_1608Metric",88.430000,-183.642000,0.000000,top
"D425","LEDCLOCK","LED_0603_1608Metric",93.827500,-177.673000,0.000000,top
"D426","LEDCLOCK","LED_0603_1608Metric",94.208500,-183.642000,0.000000,top
"D427","LEDCLOCK","LED_0603_1608Metric",102.298500,-177.673000,0.000000,top
"D428","LEDCLOCK","LED_0603_1608Metric",102.273000,-172.593000,0.000000,top
"D429","LEDCLOCK","LED_0603_1608Metric",105.981500,-177.673000,0.000000,top
"D430","LEDCLOCK","LED_0603_1608Metric",107.734000,-173.609000,0.000000,top
"D431","LEDCLOCK","LED_0603_1608Metric",108.077000,-182.499000,0.000000,top
"D432","LEDCLOCK","LED_0603_1608Metric",102.336500,-183.642000,0.000000,top
"D433","LEDCLOCK","LED_0603_1608Metric",116.687500,-172.593000,0.000000,top
"D434","LEDCLOCK","LED_0603_1608Metric",122.466000,-183.642000,0.000000,top
"D435","LEDCLOCK","LED_0603_1608Metric",116.649500,-183.578500,0.000000,top
"D436","LEDCLOCK","LED_0603_1608Metric",122.009000,-177.673000,0.000000,top
"D437","LEDCLOCK","LED_0603_1608Metric",122.275500,-172.593000,0.000000,top
"D438","LEDCLOCK","LED_0603_1608Metric",116.586000,-177.673000,0.000000,top
"D439","LEDCLOCK","LED_0603_1608Metric",136.525000,-183.515000,0.000000,top
"D440","LEDCLOCK","LED_0603_1608Metric",130.276500,-183.515000,0.000000,top
"D441","LEDCLOCK","LED_0603_1608Metric",135.356500,-179.197000,0.000000,top
"D442","LEDCLOCK","LED_0603_1608Metric",130.721000,-172.656500,0.000000,top
"D443","LEDCLOCK","LED_0603_1608Metric",136.550500,-172.593000,0.000000,top
"D444","LEDCLOCK","LED_0603_1608Metric",132.054500,-179.197000,0.000000,top
"D445","LEDCLOCK","LED_0603_1608Metric",147.485000,-172.656500,0.000000,top
"D446","LEDCLOCK","LED_0603_1608Metric",145.770500,-177.228500,0.000000,top
"D447","LEDCLOCK","LED_0603_1608Metric",149.326500,-177.228500,0.000000,top
"D448","LEDCLOCK","LED_0603_1608Metric",151.104500,-183.515000,0.000000,top
"D449","LEDCLOCK","LED_0603_1608Metric",143.738500,-183.515000,0.000000,top
"D450","LEDCLOCK","LED_0603_1608Metric",147.472500,-180.340000,0.000000,top
"D451","LEDCLOCK","LED_0603_1608Metric",164.630000,-183.324500,0.000000,top
"D452","LEDCLOCK","LED_0603_1608Metric",158.534000,-176.339500,0.000000,top
"D453","LEDCLOCK","LED_0603_1608Metric",164.554000,-172.720000,0.000000,top
"D454","LEDCLOCK","LED_0603_1608Metric",158.597500,-179.832000,0.000000,top
"D455","LEDCLOCK","LED_0603_1608Metric",160.185000,-173.037500,0.000000,top
"D456","LEDCLOCK","LED_0603_1608Metric",159.994500,-183.070500,0.000000,top
"D457","LEDCLOCK","LED_0603_1608Metric",172.440500,-172.656500,0.000000,top
"D458","LEDCLOCK","LED_0603_1608Metric",172.593000,-177.673000,0.000000,top
"D459","LEDCLOCK","LED_0603_1608Metric",178.790500,-172.593000,0.000000,top
"D460","LEDCLOCK","LED_0603_1608Metric",172.567500,-183.515000,0.000000,top
"D461","LEDCLOCK","LED_0603_1608Metric",178.790500,-177.673000,0.000000,top
"D462","LEDCLOCK","LED_0603_1608Metric",178.816000,-183.515000,0.000000,top
"D463","LEDCLOCK","LED_0603_1608Metric",185.839000,-172.593000,0.000000,top
"D464","LEDCLOCK","LED_0603_1608Metric",189.839500,-179.705000,0.000000,top
"D465","LEDCLOCK","LED_0603_1608Metric",193.713000,-172.593000,0.000000,top
"D466","LEDCLOCK","LED_0603_1608Metric",189.839500,-183.515000,0.000000,top
"D467","LEDCLOCK","LED_0603_1608Metric",189.865000,-172.529500,0.000000,top
"D468","LEDCLOCK","LED_0603_1608Metric",189.827000,-175.895000,0.000000,top
"D469","LEDCLOCK","LED_0603_1608Metric",60.553500,-192.405000,0.000000,top
"D470","LEDCLOCK","LED_0603_1608Metric",62.077500,-199.644000,0.000000,top
"D471","LEDCLOCK","LED_0603_1608Metric",66.421000,-192.405000,0.000000,top
"D472","LEDCLOCK","LED_0603_1608Metric",60.299500,-203.454000,0.000000,top
"D473","LEDCLOCK","LED_0603_1608Metric",66.395500,-203.454000,0.000000,top
"D474","LEDCLOCK","LED_0603_1608Metric",64.516000,-195.961000,0.000000,top
"D475","LEDCLOCK","LED_0603_1608Metric",74.358500,-203.454000,0.000000,top
"D476","LEDCLOCK","LED_0603_1608Metric",79.845000,-197.548500,0.000000,top
"D477","LEDCLOCK","LED_0603_1608Metric",74.396500,-192.405000,0.000000,top
"D478","LEDCLOCK","LED_0603_1608Metric",74.396500,-197.548500,0.000000,top
"D479","LEDCLOCK","LED_0603_1608Metric",80.175000,-203.454000,0.000000,top
"D480","LEDCLOCK","LED_0603_1608Metric",80.073500,-192.405000,0.000000,top
"D481","LEDCLOCK","LED_0603_1608Metric",87.985500,-197.485000,0.000000,top
"D482","LEDCLOCK","LED_0603_1608Metric",87.985500,-192.532000,0.000000,top
"D483","LEDCLOCK","LED_0603_1608Metric",94.208500,-192.532000,0.000000,top
"D484","LEDCLOCK","LED_0603_1608Metric",87.858500,-203.454000,0.000000,top
"D485","LEDCLOCK","LED_0603_1608Metric",94.208500,-197.485000,0.000000,top
"D486","LEDCLOCK","LED_0603_1608Metric",94.208500,-203.454000,0.000000,top
"D487","LEDCLOCK","LED_0603_1608Metric",108.013500,-203.390500,0.000000,top
"D488","LEDCLOCK","LED_0603_1608Metric",102.273000,-192.468500,0.000000,top
"D489","LEDCLOCK","LED_0603_1608Metric",108.394500,-192.468500,0.000000,top
"D490","LEDCLOCK","LED_0603_1608Metric",103.530500,-198.374000,0.000000,top
"D491","LEDCLOCK","LED_0603_1608Metric",106.718000,-198.374000,0.000000,top
"D492","LEDCLOCK","LED_0603_1608Metric",102.171500,-203.390500,0.000000,top
"D493","LEDCLOCK","LED_0603_1608Metric",116.687500,-192.405000,0.000000,top
"D494","LEDCLOCK","LED_0603_1608Metric",122.085000,-197.548500,0.000000,top
"D495","LEDCLOCK","LED_0603_1608Metric",122.466000,-203.454000,0.000000,top
"D496","LEDCLOCK","LED_0603_1608Metric",116.751000,-203.454000,0.000000,top
"D497","LEDCLOCK","LED_0603_1608Metric",122.301000,-192.468500,0.000000,top
"D498","LEDCLOCK","LED_0603_1608Metric",116.649500,-197.548500,0.000000,top
"D499","LEDCLOCK","LED_0603_1608Metric",135.953500,-202.628500,0.000000,top
"D500","LEDCLOCK","LED_0603_1608Metric",131.064000,-202.628500,0.000000,top
"D501","LEDCLOCK","LED_0603_1608Metric",136.398000,-198.056500,0.000000,top
"D502","LEDCLOCK","LED_0603_1608Metric",130.403500,-192.468500,0.000000,top
"D503","LEDCLOCK","LED_0603_1608Metric",130.365500,-198.120000,0.000000,top
"D504","LEDCLOCK","LED_0603_1608Metric",136.563000,-192.532000,0.000000,top
"D505","LEDCLOCK","LED_0603_1608Metric",144.716500,-192.468500,0.000000,top
"D506","LEDCLOCK","LED_0603_1608Metric",150.342500,-203.454000,0.000000,top
"D507","LEDCLOCK","LED_0603_1608Metric",145.859500,-197.993000,0.000000,top
"D508","LEDCLOCK","LED_0603_1608Metric",149.072500,-197.993000,0.000000,top
"D509","LEDCLOCK","LED_0603_1608Metric",144.373500,-203.390500,0.000000,top
"D510","LEDCLOCK","LED_0603_1608Metric",150.685500,-192.468500,0.000000,top
"D511","LEDCLOCK","LED_0603_1608Metric",178.854000,-197.413500,0.000000,top
"D512","LEDCLOCK","LED_0603_1608Metric",172.631000,-197.421500,0.000000,top
"D513","LEDCLOCK","LED_0603_1608Metric",178.854000,-192.532000,0.000000,top
"D514","LEDCLOCK","LED_0603_1608Metric",172.948500,-202.184000,0.000000,top
"D515","LEDCLOCK","LED_0603_1608Metric",172.631000,-192.532000,0.000000,top
"D516","LEDCLOCK","LED_0603_1608Metric",178.625500,-202.184000,0.000000,top
"D517","LEDCLOCK","LED_0603_1608Metric",186.601000,-192.532000,0.000000,top
"D518","LEDCLOCK","LED_0603_1608Metric",186.728000,-197.548500,0.000000,top
"D519","LEDCLOCK","LED_0603_1608Metric",192.976500,-192.468500,0.000000,top
"D520","LEDCLOCK","LED_0603_1608Metric",186.664500,-203.454000,0.000000,top
"D521","LEDCLOCK","LED_0603_1608Metric",192.951000,-203.454000,0.000000,top
"D522","LEDCLOCK","LED_0603_1608Metric",192.913000,-197.485000,0.000000,top
"D523","LEDCLOCK","LED_0603_1608Metric",200.914000,-192.468500,0.000000,top
"D524","LEDCLOCK","LED_0603_1608Metric",200.888500,-198.247000,0.000000,top
"D525","LEDCLOCK","LED_0603_1608Metric",206.248000,-193.675000,0.000000,top
"D526","LEDCLOCK","LED_0603_1608Metric",200.761500,-203.454000,0.000000,top
"D527","LEDCLOCK","LED_0603_1608Metric",208.216500,-203.390500,0.000000,top
"D528","LEDCLOCK","LED_0603_1608Metric",204.495500,-198.247000,0.000000,top
"D530","SM4007PL","D_SOD-123F",221.110000,-72.390000,0.000000,top
"D531","SM4007PL","D_SOD-123F",215.900000,-72.390000,180.000000,top
"R1","Rled","R_0402_1005Metric",62.715000,-33.401000,180.000000,top
"R2","Rled","R_0402_1005Metric",66.929000,-35.202000,90.000000,top
"R3","Rled","R_0402_1005Metric",62.715000,-38.481000,180.000000,top
"R4","Rled","R_0402_1005Metric",66.525000,-39.878000,0.000000,top
"R5","Rled","R_0402_1005Metric",62.842000,-44.450000,180.000000,top
"R6","Rled","R_0402_1005Metric",66.929000,-42.522000,270.000000,top
"R7","Rled","R_0402_1005Metric",77.066000,-33.909000,180.000000,top
"R8","Rled","R_0402_1005Metric",79.906000,-35.306000,180.000000,top
"R9","Rled","R_0402_1005Metric",77.066000,-38.100000,180.000000,top
"R10","Rled","R_0402_1005Metric",79.779000,-41.275000,180.000000,top
"R11","Rled","R_0402_1005Metric",79.779000,-42.418000,180.000000,top
"R12","Rled","R_0402_1005Metric",76.454000,-44.196000,180.000000,top
"R13","Rled","R_0402_1005Metric",104.879000,-33.401000,180.000000,top
"R14","Rled","R_0402_1005Metric",108.608000,-34.925000,180.000000,top
"R15","Rled","R_0402_1005Metric",107.673000,-36.068000,180.000000,top
"R16","Rled","R_0402_1005Metric",107.673000,-41.656000,180.000000,top
"R17","Rled","R_0402_1005Metric",104.625000,-44.450000,180.000000,top
"R18","Rled","R_0402_1005Metric",107.973000,-42.799000,180.000000,top
"R19","Rled","R_0402_1005Metric",119.230000,-34.036000,180.000000,top
"R20","Rled","R_0402_1005Metric",124.183000,-33.655000,180.000000,top
"R21","Rled","R_0402_1005Metric",119.230000,-38.227000,180.000000,top
"R22","Rled","R_0402_1005Metric",124.056000,-39.751000,180.000000,top
"R23","Rled","R_0402_1005Metric",123.548000,-44.196000,180.000000,top
"R24","Rled","R_0402_1005Metric",118.341000,-43.942000,180.000000,top
"R25","Rled","R_0402_1005Metric",130.175000,-35.156000,90.000000,top
"R26","Rled","R_0402_1005Metric",138.049000,-35.202000,90.000000,top
"R27","Rled","R_0402_1005Metric",135.740000,-34.925000,180.000000,top
"R28","Rled","R_0402_1005Metric",136.121000,-36.703000,180.000000,top
"R29","Rled","R_0402_1005Metric",135.740000,-40.259000,180.000000,top
"R30","Rled","R_0402_1005Metric",135.867000,-44.450000,180.000000,top
"R31","Rled","R_0402_1005Metric",161.567000,-33.401000,180.000000,top
"R32","Rled","R_0402_1005Metric",165.504000,-34.798000,180.000000,top
"R33","Rled","R_0402_1005Metric",161.567000,-36.449000,180.000000,top
"R34","Rled","R_0402_1005Metric",165.608000,-36.553000,270.000000,top
"R35","Rled","R_0402_1005Metric",161.694000,-40.640000,180.000000,top
"R36","Rled","R_0402_1005Metric",161.648000,-44.450000,180.000000,top
"R37","Rled","R_0402_1005Metric",177.950000,-30.480000,180.000000,top
"R38","Rled","R_0402_1005Metric",174.902000,-33.528000,180.000000,top
"R39","Rled","R_0402_1005Metric",179.324000,-35.075000,90.000000,top
"R40","Rled","R_0402_1005Metric",175.029000,-39.624000,180.000000,top
"R41","Rled","R_0402_1005Metric",179.451000,-41.298000,90.000000,top
"R42","Rled","R_0402_1005Metric",178.054000,-44.173000,270.000000,top
"R43","Rled","R_0402_1005Metric",189.380000,-33.528000,180.000000,top
"R44","Rled","R_0402_1005Metric",193.675000,-35.560000,90.000000,top
"R45","Rled","R_0402_1005Metric",188.618000,-40.640000,180.000000,top
"R46","Rled","R_0402_1005Metric",193.548000,-38.839000,270.000000,top
"R47","Rled","R_0402_1005Metric",189.126000,-44.450000,180.000000,top
"R48","Rled","R_0402_1005Metric",193.548000,-41.234500,270.000000,top
"R49","Rled","R_0402_1005Metric",204.066000,-33.528000,180.000000,top
"R50","Rled","R_0402_1005Metric",208.089500,-35.392500,90.000000,top
"R51","Rled","R_0402_1005Metric",203.454000,-36.553000,270.000000,top
"R52","Rled","R_0402_1005Metric",207.033000,-40.132000,0.000000,top
"R53","Rled","R_0402_1005Metric",203.858000,-40.132000,180.000000,top
"R54","Rled","R_0402_1005Metric",203.858000,-44.450000,180.000000,top
"R55","Rled","R_0402_1005Metric",62.380000,-53.467000,180.000000,top
"R56","Rled","R_0402_1005Metric",67.564000,-55.730000,90.000000,top
"R57","Rled","R_0402_1005Metric",66.952000,-58.039000,180.000000,top
"R58","Rled","R_0402_1005Metric",64.516000,-60.452000,180.000000,top
"R59","Rled","R_0402_1005Metric",62.380000,-64.389000,180.000000,top
"R60","Rled","R_0402_1005Metric",67.437000,-61.064000,270.000000,top
"R61","Rled","R_0402_1005Metric",76.858000,-53.340000,180.000000,top
"R62","Rled","R_0402_1005Metric",80.287000,-54.737000,180.000000,top
"R63","Rled","R_0402_1005Metric",76.731000,-58.420000,180.000000,top
"R64","Rled","R_0402_1005Metric",80.772000,-56.619000,270.000000,top
"R65","Rled","R_0402_1005Metric",76.858000,-64.389000,180.000000,top
"R66","Rled","R_0402_1005Metric",80.899000,-61.237000,270.000000,top
"R67","Rled","R_0402_1005Metric",90.320000,-53.340000,180.000000,top
"R68","Rled","R_0402_1005Metric",94.742000,-54.737000,180.000000,top
"R69","Rled","R_0402_1005Metric",90.320000,-58.420000,180.000000,top
"R70","Rled","R_0402_1005Metric",94.996000,-56.619000,270.000000,top
"R71","Rled","R_0402_1005Metric",90.447000,-64.262000,180.000000,top
"R72","Rled","R_0402_1005Metric",94.996000,-62.461000,270.000000,top
"R73","Rled","R_0402_1005Metric",104.902000,-53.340000,180.000000,top
"R74","Rled","R_0402_1005Metric",109.220000,-55.268000,90.000000,top
"R75","Rled","R_0402_1005Metric",104.671000,-60.325000,180.000000,top
"R76","Rled","R_0402_1005Metric",108.839000,-58.397000,270.000000,top
"R77","Rled","R_0402_1005Metric",104.544000,-64.262000,180.000000,top
"R78","Rled","R_0402_1005Metric",108.712000,-62.461000,270.000000,top
"R79","Rled","R_0402_1005Metric",118.895000,-53.340000,180.000000,top
"R80","Rled","R_0402_1005Metric",123.040000,-54.610000,0.000000,top
"R81","Rled","R_0402_1005Metric",123.063000,-56.111000,270.000000,top
"R82","Rled","R_0402_1005Metric",120.800000,-60.706000,180.000000,top
"R83","Rled","R_0402_1005Metric",118.768000,-64.389000,180.000000,top
"R84","Rled","R_0402_1005Metric",123.825000,-62.507000,270.000000,top
"R85","Rled","R_0402_1005Metric",131.722000,-53.340000,180.000000,top
"R86","Rled","R_0402_1005Metric",138.303000,-55.395000,90.000000,top
"R87","Rled","R_0402_1005Metric",137.899000,-58.039000,180.000000,top
"R88","Rled","R_0402_1005Metric",132.334000,-56.238000,270.000000,top
"R89","Rled","R_0402_1005Metric",132.969000,-63.477000,270.000000,top
"R90","Rled","R_0402_1005Metric",137.056000,-61.087000,180.000000,top
"R91","Rled","R_0402_1005Metric",148.740000,-54.737000,180.000000,top
"R92","Rled","R_0402_1005Metric",146.177000,-56.492000,270.000000,top
"R93","Rled","R_0402_1005Metric",150.749000,-59.563000,180.000000,top
"R94","Rled","R_0402_1005Metric",148.717000,-62.484000,180.000000,top
"R95","Rled","R_0402_1005Metric",146.073000,-64.262000,180.000000,top
"R96","Rled","R_0402_1005Metric",152.146000,-62.461000,270.000000,top
"R97","Rled","R_0402_1005Metric",161.186000,-53.340000,180.000000,top
"R98","Rled","R_0402_1005Metric",165.608000,-55.730000,90.000000,top
"R99","Rled","R_0402_1005Metric",165.354000,-58.651000,270.000000,top
"R100","Rled","R_0402_1005Metric",161.036000,-60.579000,180.000000,top
"R101","Rled","R_0402_1005Metric",160.932000,-64.262000,180.000000,top
"R102","Rled","R_0402_1005Metric",165.227000,-62.484000,270.000000,top
"R103","Rled","R_0402_1005Metric",173.990000,-54.737000,180.000000,top
"R104","Rled","R_0402_1005Metric",180.213000,-55.095000,90.000000,top
"R105","Rled","R_0402_1005Metric",180.236000,-57.404000,180.000000,top
"R106","Rled","R_0402_1005Metric",177.823000,-60.071000,180.000000,top
"R107","Rled","R_0402_1005Metric",175.410000,-64.262000,180.000000,top
"R108","Rled","R_0402_1005Metric",180.213000,-62.588000,270.000000,top
"R109","Rled","R_0402_1005Metric",189.484000,-53.340000,180.000000,top
"R110","Rled","R_0402_1005Metric",193.421000,-55.141000,90.000000,top
"R111","Rled","R_0402_1005Metric",192.278000,-56.642000,180.000000,top
"R112","Rled","R_0402_1005Metric",192.174000,-60.706000,180.000000,top
"R113","Rled","R_0402_1005Metric",189.357000,-64.389000,180.000000,top
"R114","Rled","R_0402_1005Metric",193.421000,-62.588000,270.000000,top
"R115","Rled","R_0402_1005Metric",203.708000,-55.245000,180.000000,top
"R116","Rled","R_0402_1005Metric",208.130000,-55.372000,180.000000,top
"R117","Rled","R_0402_1005Metric",202.715000,-58.801000,180.000000,top
"R118","Rled","R_0402_1005Metric",204.239000,-63.754000,180.000000,top
"R119","Rled","R_0402_1005Metric",207.899000,-62.126000,270.000000,top
"R120","Rled","R_0402_1005Metric",208.534000,-58.651000,270.000000,top
"R121","Rled","R_0402_1005Metric",61.745000,-73.279000,180.000000,top
"R122","Rled","R_0402_1005Metric",66.825000,-74.422000,180.000000,top
"R123","Rled","R_0402_1005Metric",62.484000,-76.685000,270.000000,top
"R124","Rled","R_0402_1005Metric",65.509000,-78.359000,0.000000,top
"R125","Rled","R_0402_1005Metric",65.301000,-81.026000,180.000000,top
"R126","Rled","R_0402_1005Metric",64.897000,-83.543000,270.000000,top
"R127","Rled","R_0402_1005Metric",76.604000,-73.279000,180.000000,top
"R128","Rled","R_0402_1005Metric",80.137000,-74.549000,180.000000,top
"R129","Rled","R_0402_1005Metric",78.994000,-77.216000,270.000000,top
"R130","Rled","R_0402_1005Metric",78.994000,-80.241000,270.000000,top
"R131","Rled","R_0402_1005Metric",76.835000,-84.201000,180.000000,top
"R132","Rled","R_0402_1005Metric",80.160000,-82.804000,180.000000,top
"R133","Rled","R_0402_1005Metric",90.955000,-73.406000,180.000000,top
"R134","Rled","R_0402_1005Metric",94.638000,-74.549000,180.000000,top
"R135","Rled","R_0402_1005Metric",89.916000,-79.629000,180.000000,top
"R136","Rled","R_0402_1005Metric",94.511000,-79.629000,180.000000,top
"R137","Rled","R_0402_1005Metric",90.932000,-84.201000,180.000000,top
"R138","Rled","R_0402_1005Metric",94.638000,-82.550000,180.000000,top
"R139","Rled","R_0402_1005Metric",104.544000,-73.152000,180.000000,top
"R140","Rled","R_0402_1005Metric",108.227000,-75.946000,180.000000,top
"R141","Rled","R_0402_1005Metric",103.274000,-80.264000,180.000000,top
"R142","Rled","R_0402_1005Metric",106.703000,-80.391000,180.000000,top
"R143","Rled","R_0402_1005Metric",104.544000,-84.201000,180.000000,top
"R144","Rled","R_0402_1005Metric",109.370000,-82.677000,180.000000,top
"R145","Rled","R_0402_1005Metric",116.713000,-74.422000,180.000000,top
"R146","Rled","R_0402_1005Metric",120.546000,-74.549000,180.000000,top
"R147","Rled","R_0402_1005Metric",123.571000,-74.549000,180.000000,top
"R148","Rled","R_0402_1005Metric",121.285000,-76.431000,270.000000,top
"R149","Rled","R_0402_1005Metric",121.285000,-79.883000,270.000000,top
"R150","Rled","R_0402_1005Metric",121.158000,-83.670000,270.000000,top
"R151","Rled","R_0402_1005Metric",133.246000,-73.279000,180.000000,top
"R152","Rled","R_0402_1005Metric",136.929000,-74.676000,180.000000,top
"R153","Rled","R_0402_1005Metric",133.350000,-78.486000,180.000000,top
"R154","Rled","R_0402_1005Metric",136.652000,-79.756000,180.000000,top
"R155","Rled","R_0402_1005Metric",133.246000,-84.201000,180.000000,top
"R156","Rled","R_0402_1005Metric",137.160000,-82.677000,180.000000,top
"R157","Rled","R_0402_1005Metric",147.724000,-73.279000,180.000000,top
"R158","Rled","R_0402_1005Metric",147.066000,-76.454000,270.000000,top
"R159","Rled","R_0402_1005Metric",147.066000,-79.479000,270.000000,top
"R160","Rled","R_0402_1005Metric",146.304000,-82.527000,270.000000,top
"R161","Rled","R_0402_1005Metric",147.955000,-81.511000,270.000000,top
"R162","Rled","R_0402_1005Metric",151.234000,-82.804000,0.000000,top
"R163","Rled","R_0402_1005Metric",174.498000,-73.533000,180.000000,top
"R164","Rled","R_0402_1005Metric",179.982000,-74.549000,180.000000,top
"R165","Rled","R_0402_1005Metric",175.260000,-77.366000,270.000000,top
"R166","Rled","R_0402_1005Metric",178.816000,-79.525000,90.000000,top
"R167","Rled","R_0402_1005Metric",178.267500,-81.216500,180.000000,top
"R168","Rled","R_0402_1005Metric",177.800000,-83.670000,270.000000,top
"R169","Rled","R_0402_1005Metric",190.904000,-74.295000,180.000000,top
"R170","Rled","R_0402_1005Metric",189.253000,-75.946000,180.000000,top
"R171","Rled","R_0402_1005Metric",193.825000,-77.216000,180.000000,top
"R172","Rled","R_0402_1005Metric",189.253000,-80.772000,180.000000,top
"R173","Rled","R_0402_1005Metric",193.675000,-78.844000,270.000000,top
"R174","Rled","R_0402_1005Metric",192.024000,-83.439000,270.000000,top
"R175","Rled","R_0402_1005Metric",203.477000,-72.771000,180.000000,top
"R176","Rled","R_0402_1005Metric",206.398000,-75.311000,180.000000,top
"R177","Rled","R_0402_1005Metric",202.207000,-80.137000,180.000000,top
"R178","Rled","R_0402_1005Metric",206.525000,-80.264000,180.000000,top
"R179","Rled","R_0402_1005Metric",208.430000,-82.804000,180.000000,top
"R180","Rled","R_0402_1005Metric",203.096000,-84.328000,180.000000,top
"R181","Rled","R_0402_1005Metric",62.738000,-92.964000,180.000000,top
"R182","Rled","R_0402_1005Metric",66.698000,-94.615000,180.000000,top
"R183","Rled","R_0402_1005Metric",62.380000,-99.949000,180.000000,top
"R184","Rled","R_0402_1005Metric",62.357000,-104.013000,180.000000,top
"R185","Rled","R_0402_1005Metric",66.675000,-98.148000,270.000000,top
"R186","Rled","R_0402_1005Metric",66.421000,-102.108000,270.000000,top
"R187","Rled","R_0402_1005Metric",78.382000,-94.361000,180.000000,top
"R188","Rled","R_0402_1005Metric",75.715000,-98.933000,180.000000,top
"R189","Rled","R_0402_1005Metric",79.121000,-98.933000,180.000000,top
"R190","Rled","R_0402_1005Metric",78.232000,-102.108000,180.000000,top
"R191","Rled","R_0402_1005Metric",75.715000,-104.394000,180.000000,top
"R192","Rled","R_0402_1005Metric",81.534000,-102.616000,180.000000,top
"R193","Rled","R_0402_1005Metric",91.757500,-93.576000,270.000000,top
"R194","Rled","R_0402_1005Metric",94.638000,-94.615000,180.000000,top
"R195","Rled","R_0402_1005Metric",90.170000,-97.068500,270.000000,top
"R196","Rled","R_0402_1005Metric",90.637500,-100.584000,180.000000,top
"R197","Rled","R_0402_1005Metric",91.209000,-102.679500,180.000000,top
"R198","Rled","R_0402_1005Metric",94.401500,-102.362000,0.000000,top
"R199","Rled","R_0402_1005Metric",104.521000,-93.345000,180.000000,top
"R200","Rled","R_0402_1005Metric",108.775500,-94.361000,180.000000,top
"R201","Rled","R_0402_1005Metric",104.861500,-98.425000,180.000000,top
"R202","Rled","R_0402_1005Metric",108.775500,-99.377500,180.000000,top
"R203","Rled","R_0402_1005Metric",104.671000,-104.267000,180.000000,top
"R204","Rled","R_0402_1005Metric",108.775500,-102.679500,180.000000,top
"R205","Rled","R_0402_1005Metric",132.865000,-93.408500,180.000000,top
"R206","Rled","R_0402_1005Metric",136.992500,-96.837500,180.000000,top
"R207","Rled","R_0402_1005Metric",137.056000,-94.361000,180.000000,top
"R208","Rled","R_0402_1005Metric",132.778500,-104.267000,180.000000,top
"R209","Rled","R_0402_1005Metric",137.033000,-102.679500,180.000000,top
"R210","Rled","R_0402_1005Metric",132.801500,-98.425000,180.000000,top
"R211","Rled","R_0402_1005Metric",148.676500,-94.424500,180.000000,top
"R212","Rled","R_0402_1005Metric",150.010000,-100.647500,180.000000,top
"R213","Rled","R_0402_1005Metric",146.835000,-98.933000,180.000000,top
"R214","Rled","R_0402_1005Metric",146.136500,-104.267000,180.000000,top
"R215","Rled","R_0402_1005Metric",151.678500,-102.679500,0.000000,top
"R216","Rled","R_0402_1005Metric",149.796500,-98.806000,180.000000,top
"R217","Rled","R_0402_1005Metric",161.163000,-93.766500,90.000000,top
"R218","Rled","R_0402_1005Metric",161.567000,-99.695000,180.000000,top
"R219","Rled","R_0402_1005Metric",161.163000,-96.116000,270.000000,top
"R220","Rled","R_0402_1005Metric",159.956500,-102.212000,270.000000,top
"R221","Rled","R_0402_1005Metric",165.608000,-102.806500,180.000000,top
"R222","Rled","R_0402_1005Metric",162.456000,-102.044500,180.000000,top
"R223","Rled","R_0402_1005Metric",174.076500,-94.297500,180.000000,top
"R224","Rled","R_0402_1005Metric",177.736500,-99.377500,180.000000,top
"R225","Rled","R_0402_1005Metric",178.648500,-95.377000,180.000000,top
"R226","Rled","R_0402_1005Metric",175.727500,-104.330500,180.000000,top
"R227","Rled","R_0402_1005Metric",178.879500,-101.854000,180.000000,top
"R228","Rled","R_0402_1005Metric",174.140000,-99.441000,180.000000,top
"R229","Rled","R_0402_1005Metric",61.237000,-114.300000,180.000000,top
"R230","Rled","R_0402_1005Metric",67.056000,-114.831000,90.000000,top
"R231","Rled","R_0402_1005Metric",66.825000,-116.713000,180.000000,top
"R232","Rled","R_0402_1005Metric",64.412000,-120.523000,180.000000,top
"R233","Rled","R_0402_1005Metric",62.253000,-123.952000,180.000000,top
"R234","Rled","R_0402_1005Metric",66.952000,-122.555000,0.000000,top
"R235","Rled","R_0402_1005Metric",75.270500,-113.157000,180.000000,top
"R236","Rled","R_0402_1005Metric",75.478500,-117.792500,180.000000,top
"R237","Rled","R_0402_1005Metric",81.747500,-114.300000,180.000000,top
"R238","Rled","R_0402_1005Metric",76.517500,-123.698000,270.000000,top
"R239","Rled","R_0402_1005Metric",79.461500,-117.856000,180.000000,top
"R240","Rled","R_0402_1005Metric",80.264000,-122.151000,270.000000,top
"R241","Rled","R_0402_1005Metric",91.526500,-111.252000,180.000000,top
"R242","Rled","R_0402_1005Metric",91.590000,-114.109500,180.000000,top
"R243","Rled","R_0402_1005Metric",90.320000,-117.602000,180.000000,top
"R244","Rled","R_0402_1005Metric",90.955000,-122.936000,180.000000,top
"R245","Rled","R_0402_1005Metric",94.257000,-121.348500,180.000000,top
"R246","Rled","R_0402_1005Metric",94.828500,-118.681500,180.000000,top
"R247","Rled","R_0402_1005Metric",104.775000,-112.880000,270.000000,top
"R248","Rled","R_0402_1005Metric",104.775000,-119.761000,90.000000,top
"R249","Rled","R_0402_1005Metric",104.775000,-116.332000,90.000000,top
"R250","Rled","R_0402_1005Metric",103.505000,-122.151000,270.000000,top
"R251","Rled","R_0402_1005Metric",109.243000,-122.682000,180.000000,top
"R252","Rled","R_0402_1005Metric",105.814000,-121.666000,180.000000,top
"R253","Rled","R_0402_1005Metric",119.530000,-113.284000,180.000000,top
"R254","Rled","R_0402_1005Metric",119.634000,-116.205000,180.000000,top
"R255","Rled","R_0402_1005Metric",122.959000,-114.300000,180.000000,top
"R256","Rled","R_0402_1005Metric",117.498000,-122.555000,180.000000,top
"R257","Rled","R_0402_1005Metric",122.451000,-116.586000,180.000000,top
"R258","Rled","R_0402_1005Metric",117.348000,-118.618000,0.000000,top
"R259","Rled","R_0402_1005Metric",131.572000,-114.300000,180.000000,top
"R260","Rled","R_0402_1005Metric",132.738000,-118.618000,180.000000,top
"R261","Rled","R_0402_1005Metric",136.017000,-115.697000,180.000000,top
"R262","Rled","R_0402_1005Metric",132.842000,-124.333000,180.000000,top
"R263","Rled","R_0402_1005Metric",136.017000,-121.285000,180.000000,top
"R264","Rled","R_0402_1005Metric",137.183000,-119.761000,180.000000,top
"R265","Rled","R_0402_1005Metric",147.043000,-113.157000,180.000000,top
"R266","Rled","R_0402_1005Metric",145.669000,-120.142000,180.000000,top
"R267","Rled","R_0402_1005Metric",150.368000,-115.570000,180.000000,top
"R268","Rled","R_0402_1005Metric",146.835000,-124.206000,180.000000,top
"R269","Rled","R_0402_1005Metric",149.352000,-120.142000,180.000000,top
"R270","Rled","R_0402_1005Metric",152.019000,-122.555000,180.000000,top
"R271","Rled","R_0402_1005Metric",161.567000,-113.157000,180.000000,top
"R272","Rled","R_0402_1005Metric",161.694000,-118.237000,180.000000,top
"R273","Rled","R_0402_1005Metric",165.250000,-114.300000,180.000000,top
"R274","Rled","R_0402_1005Metric",161.694000,-124.206000,180.000000,top
"R275","Rled","R_0402_1005Metric",164.973000,-119.380000,180.000000,top
"R276","Rled","R_0402_1005Metric",165.862000,-122.174000,270.000000,top
"R277","Rled","R_0402_1005Metric",175.514000,-113.157000,180.000000,top
"R278","Rled","R_0402_1005Metric",178.458000,-120.777000,180.000000,top
"R279","Rled","R_0402_1005Metric",178.839000,-114.300000,180.000000,top
"R280","Rled","R_0402_1005Metric",175.537000,-124.206000,180.000000,top
"R281","Rled","R_0402_1005Metric",178.839000,-122.555000,180.000000,top
"R282","Rled","R_0402_1005Metric",176.276000,-117.856000,180.000000,top
"R283","Rled","R_0402_1005Metric",187.579000,-114.427000,180.000000,top
"R284","Rled","R_0402_1005Metric",193.571000,-114.427000,180.000000,top
"R285","Rled","R_0402_1005Metric",189.230000,-120.396000,180.000000,top
"R286","Rled","R_0402_1005Metric",189.357000,-124.079000,180.000000,top
"R287","Rled","R_0402_1005Metric",193.190000,-122.555000,180.000000,top
"R288","Rled","R_0402_1005Metric",192.151000,-120.396000,180.000000,top
"R289","Rled","R_0402_1005Metric",202.184000,-114.808000,180.000000,top
"R290","Rled","R_0402_1005Metric",207.264000,-122.428000,180.000000,top
"R291","Rled","R_0402_1005Metric",207.391000,-121.412000,180.000000,top
"R292","Rled","R_0402_1005Metric",203.200000,-123.825000,180.000000,top
"R293","Rled","R_0402_1005Metric",204.320000,-117.856000,180.000000,top
"R294","Rled","R_0402_1005Metric",206.906000,-114.554000,180.000000,top
"R295","Rled","R_0402_1005Metric",62.761000,-133.096000,180.000000,top
"R296","Rled","R_0402_1005Metric",66.611500,-142.494000,180.000000,top
"R297","Rled","R_0402_1005Metric",66.357500,-134.239000,180.000000,top
"R298","Rled","R_0402_1005Metric",62.824500,-144.081500,180.000000,top
"R299","Rled","R_0402_1005Metric",66.190000,-139.255500,180.000000,top
"R300","Rled","R_0402_1005Metric",62.824500,-138.176000,180.000000,top
"R301","Rled","R_0402_1005Metric",76.985000,-132.905500,180.000000,top
"R302","Rled","R_0402_1005Metric",77.048500,-136.525000,180.000000,top
"R303","Rled","R_0402_1005Metric",77.660500,-141.328000,270.000000,top
"R304","Rled","R_0402_1005Metric",75.374500,-141.986000,270.000000,top
"R305","Rled","R_0402_1005Metric",81.280000,-142.026500,270.000000,top
"R306","Rled","R_0402_1005Metric",76.985000,-139.763500,180.000000,top
"R307","Rled","R_0402_1005Metric",89.177000,-138.684000,180.000000,top
"R308","Rled","R_0402_1005Metric",91.313000,-132.969000,180.000000,top
"R309","Rled","R_0402_1005Metric",94.384000,-136.525000,180.000000,top
"R310","Rled","R_0402_1005Metric",89.431000,-142.367000,180.000000,top
"R311","Rled","R_0402_1005Metric",94.892000,-134.112000,180.000000,top
"R312","Rled","R_0402_1005Metric",91.313000,-136.525000,180.000000,top
"R313","Rled","R_0402_1005Metric",104.775000,-133.096000,180.000000,top
"R314","Rled","R_0402_1005Metric",105.687000,-131.064000,180.000000,top
"R315","Rled","R_0402_1005Metric",108.585000,-139.954000,180.000000,top
"R316","Rled","R_0402_1005Metric",102.639000,-140.081000,180.000000,top
"R317","Rled","R_0402_1005Metric",106.045000,-142.621000,180.000000,top
"R318","Rled","R_0402_1005Metric",108.839000,-134.112000,180.000000,top
"R319","Rled","R_0402_1005Metric",119.022000,-140.335000,180.000000,top
"R320","Rled","R_0402_1005Metric",117.856000,-134.112000,180.000000,top
"R321","Rled","R_0402_1005Metric",122.936000,-134.112000,180.000000,top
"R322","Rled","R_0402_1005Metric",118.641000,-144.018000,180.000000,top
"R323","Rled","R_0402_1005Metric",122.682000,-142.494000,180.000000,top
"R324","Rled","R_0402_1005Metric",122.451000,-140.208000,180.000000,top
"R325","Rled","R_0402_1005Metric",133.096000,-135.994000,270.000000,top
"R326","Rled","R_0402_1005Metric",136.675000,-136.525000,180.000000,top
"R327","Rled","R_0402_1005Metric",133.647500,-132.969000,180.000000,top
"R328","Rled","R_0402_1005Metric",131.572000,-138.430000,180.000000,top
"R329","Rled","R_0402_1005Metric",131.572000,-142.367000,180.000000,top
"R330","Rled","R_0402_1005Metric",137.160000,-134.112000,180.000000,top
"R331","Rled","R_0402_1005Metric",149.375000,-140.081000,180.000000,top
"R332","Rled","R_0402_1005Metric",146.962000,-133.096000,180.000000,top
"R333","Rled","R_0402_1005Metric",149.733000,-137.668000,180.000000,top
"R334","Rled","R_0402_1005Metric",151.638000,-134.112000,180.000000,top
"R335","Rled","R_0402_1005Metric",147.066000,-144.145000,180.000000,top
"R336","Rled","R_0402_1005Metric",151.788000,-142.494000,180.000000,top
"R337","Rled","R_0402_1005Metric",163.980000,-138.430000,180.000000,top
"R338","Rled","R_0402_1005Metric",159.789000,-142.494000,180.000000,top
"R339","Rled","R_0402_1005Metric",166.370000,-134.112000,180.000000,top
"R340","Rled","R_0402_1005Metric",160.043000,-133.096000,180.000000,top
"R341","Rled","R_0402_1005Metric",160.274000,-138.303000,180.000000,top
"R342","Rled","R_0402_1005Metric",164.615000,-142.367000,180.000000,top
"R343","Rled","R_0402_1005Metric",173.632000,-134.239000,180.000000,top
"R344","Rled","R_0402_1005Metric",173.632000,-139.192000,180.000000,top
"R345","Rled","R_0402_1005Metric",179.347000,-134.112000,180.000000,top
"R346","Rled","R_0402_1005Metric",173.632000,-142.494000,180.000000,top
"R347","Rled","R_0402_1005Metric",179.347000,-142.494000,180.000000,top
"R348","Rled","R_0402_1005Metric",178.966000,-139.319000,180.000000,top
"R349","Rled","R_0402_1005Metric",189.507000,-144.145000,180.000000,top
"R350","Rled","R_0402_1005Metric",190.396000,-141.224000,180.000000,top
"R351","Rled","R_0402_1005Metric",192.786000,-142.494000,180.000000,top
"R352","Rled","R_0402_1005Metric",189.761000,-133.096000,180.000000,top
"R353","Rled","R_0402_1005Metric",192.936000,-134.112000,180.000000,top
"R354","Rled","R_0402_1005Metric",190.373000,-137.795000,180.000000,top
"R355","Rled","R_0402_1005Metric",89.177000,-157.861000,180.000000,top
"R356","Rled","R_0402_1005Metric",90.043000,-153.035000,180.000000,top
"R357","Rled","R_0402_1005Metric",95.273000,-154.051000,180.000000,top
"R358","Rled","R_0402_1005Metric",91.694000,-162.306000,180.000000,top
"R359","Rled","R_0402_1005Metric",91.717000,-159.004000,180.000000,top
"R360","Rled","R_0402_1005Metric",94.003000,-157.861000,180.000000,top
"R361","Rled","R_0402_1005Metric",105.664000,-158.750000,180.000000,top
"R362","Rled","R_0402_1005Metric",105.727500,-155.003500,180.000000,top
"R363","Rled","R_0402_1005Metric",105.029000,-152.908000,180.000000,top
"R364","Rled","R_0402_1005Metric",108.163500,-162.306000,180.000000,top
"R365","Rled","R_0402_1005Metric",104.925000,-163.957000,180.000000,top
"R366","Rled","R_0402_1005Metric",108.331000,-153.987500,180.000000,top
"R367","Rled","R_0402_1005Metric",119.126000,-158.051500,180.000000,top
"R368","Rled","R_0402_1005Metric",119.126000,-152.908000,180.000000,top
"R369","Rled","R_0402_1005Metric",122.832000,-154.114500,180.000000,top
"R370","Rled","R_0402_1005Metric",117.094000,-162.242500,180.000000,top
"R371","Rled","R_0402_1005Metric",122.555000,-159.131000,180.000000,top
"R372","Rled","R_0402_1005Metric",122.936000,-162.369500,180.000000,top
"R373","Rled","R_0402_1005Metric",130.873500,-159.766000,180.000000,top
"R374","Rled","R_0402_1005Metric",132.865000,-152.908000,180.000000,top
"R375","Rled","R_0402_1005Metric",130.769500,-162.306000,180.000000,top
"R376","Rled","R_0402_1005Metric",136.271000,-155.257500,180.000000,top
"R377","Rled","R_0402_1005Metric",134.810500,-159.766000,180.000000,top
"R378","Rled","R_0402_1005Metric",138.008500,-162.306000,180.000000,top
"R379","Rled","R_0402_1005Metric",149.923500,-161.798000,180.000000,top
"R380","Rled","R_0402_1005Metric",144.970500,-162.115500,180.000000,top
"R381","Rled","R_0402_1005Metric",150.010000,-160.147000,180.000000,top
"R382","Rled","R_0402_1005Metric",150.495000,-154.432000,180.000000,top
"R383","Rled","R_0402_1005Metric",145.579500,-158.496000,180.000000,top
"R384","Rled","R_0402_1005Metric",145.582500,-154.686000,0.000000,top
"R385","Rled","R_0402_1005Metric",159.471500,-159.131000,180.000000,top
"R386","Rled","R_0402_1005Metric",161.480500,-152.971500,180.000000,top
"R387","Rled","R_0402_1005Metric",165.227000,-153.924000,180.000000,top
"R388","Rled","R_0402_1005Metric",159.535000,-162.306000,180.000000,top
"R389","Rled","R_0402_1005Metric",164.932500,-159.131000,180.000000,top
"R390","Rled","R_0402_1005Metric",165.313500,-162.306000,180.000000,top
"R391","Rled","R_0402_1005Metric",175.854500,-154.178000,180.000000,top
"R392","Rled","R_0402_1005Metric",179.156500,-154.559000,180.000000,top
"R393","Rled","R_0402_1005Metric",175.260000,-160.401000,180.000000,top
"R394","Rled","R_0402_1005Metric",179.220000,-161.798000,180.000000,top
"R395","Rled","R_0402_1005Metric",175.410000,-156.845000,180.000000,top
"R396","Rled","R_0402_1005Metric",175.029000,-162.306000,180.000000,top
"R397","Rled","R_0402_1005Metric",193.444000,-153.987500,180.000000,top
"R398","Rled","R_0402_1005Metric",187.157500,-159.067500,180.000000,top
"R399","Rled","R_0402_1005Metric",193.507500,-159.067500,180.000000,top
"R400","Rled","R_0402_1005Metric",189.143500,-153.035000,180.000000,top
"R401","Rled","R_0402_1005Metric",193.507500,-162.306000,180.000000,top
"R402","Rled","R_0402_1005Metric",187.221000,-162.306000,180.000000,top
"R403","Rled","R_0402_1005Metric",202.080000,-154.495500,0.000000,top
"R404","Rled","R_0402_1005Metric",201.716500,-158.305500,0.000000,top
"R405","Rled","R_0402_1005Metric",207.010000,-154.241500,0.000000,top
"R406","Rled","R_0402_1005Metric",201.318000,-161.925000,0.000000,top
"R407","Rled","R_0402_1005Metric",206.375000,-160.274000,0.000000,top
"R408","Rled","R_0402_1005Metric",206.715500,-161.925000,0.000000,top
"R409","Rled","R_0402_1005Metric",65.491500,-180.022500,180.000000,top
"R410","Rled","R_0402_1005Metric",62.928500,-173.482000,180.000000,top
"R411","Rled","R_0402_1005Metric",65.953500,-174.307500,180.000000,top
"R412","Rled","R_0402_1005Metric",62.293500,-183.261000,180.000000,top
"R413","Rled","R_0402_1005Metric",66.444000,-181.864000,180.000000,top
"R414","Rled","R_0402_1005Metric",63.032500,-176.720500,180.000000,top
"R415","Rled","R_0402_1005Metric",76.794500,-183.832500,180.000000,top
"R416","Rled","R_0402_1005Metric",78.930500,-175.831500,270.000000,top
"R417","Rled","R_0402_1005Metric",76.794500,-172.783500,180.000000,top
"R418","Rled","R_0402_1005Metric",78.930500,-178.983500,270.000000,top
"R419","Rled","R_0402_1005Metric",79.779000,-182.308500,180.000000,top
"R420","Rled","R_0402_1005Metric",80.160000,-173.799500,180.000000,top
"R421","Rled","R_0402_1005Metric",90.932000,-177.927000,180.000000,top
"R422","Rled","R_0402_1005Metric",90.764500,-172.910500,180.000000,top
"R423","Rled","R_0402_1005Metric",94.615000,-173.926500,180.000000,top
"R424","Rled","R_0402_1005Metric",90.932000,-183.896000,180.000000,top
"R425","Rled","R_0402_1005Metric",94.338000,-179.006500,180.000000,top
"R426","Rled","R_0402_1005Metric",94.742000,-182.308500,180.000000,top
"R427","Rled","R_0402_1005Metric",102.870000,-179.006500,180.000000,top
"R428","Rled","R_0402_1005Metric",103.568500,-173.863000,180.000000,top
"R429","Rled","R_0402_1005Metric",106.553000,-178.943000,180.000000,top
"R430","Rled","R_0402_1005Metric",108.267500,-174.879000,180.000000,top
"R431","Rled","R_0402_1005Metric",108.608000,-181.165500,180.000000,top
"R432","Rled","R_0402_1005Metric",104.879000,-183.896000,180.000000,top
"R433","Rled","R_0402_1005Metric",117.244000,-173.926500,180.000000,top
"R434","Rled","R_0402_1005Metric",122.999500,-182.181500,180.000000,top
"R435","Rled","R_0402_1005Metric",117.221000,-182.181500,180.000000,top
"R436","Rled","R_0402_1005Metric",122.578000,-179.006500,180.000000,top
"R437","Rled","R_0402_1005Metric",122.809000,-173.926500,180.000000,top
"R438","Rled","R_0402_1005Metric",117.157500,-179.070000,180.000000,top
"R439","Rled","R_0402_1005Metric",137.056000,-182.245000,180.000000,top
"R440","Rled","R_0402_1005Metric",132.801500,-183.515000,180.000000,top
"R441","Rled","R_0402_1005Metric",135.913000,-180.530500,180.000000,top
"R442","Rled","R_0402_1005Metric",131.231500,-173.990000,180.000000,top
"R443","Rled","R_0402_1005Metric",137.096500,-173.863000,180.000000,top
"R444","Rled","R_0402_1005Metric",131.953000,-180.530500,180.000000,top
"R445","Rled","R_0402_1005Metric",148.082000,-173.990000,180.000000,top
"R446","Rled","R_0402_1005Metric",146.327000,-178.498500,180.000000,top
"R447","Rled","R_0402_1005Metric",149.883000,-178.562000,180.000000,top
"R448","Rled","R_0402_1005Metric",151.470500,-182.181500,180.000000,top
"R449","Rled","R_0402_1005Metric",146.454000,-183.705500,180.000000,top
"R450","Rled","R_0402_1005Metric",150.010000,-180.530500,180.000000,top
"R451","Rled","R_0402_1005Metric",165.013500,-181.991000,0.000000,top
"R452","Rled","R_0402_1005Metric",160.655000,-176.380000,270.000000,top
"R453","Rled","R_0402_1005Metric",165.123000,-174.053500,180.000000,top
"R454","Rled","R_0402_1005Metric",160.782000,-179.428000,270.000000,top
"R455","Rled","R_0402_1005Metric",161.567000,-174.561500,180.000000,top
"R456","Rled","R_0402_1005Metric",160.551000,-181.737000,180.000000,top
"R457","Rled","R_0402_1005Metric",172.977500,-173.990000,180.000000,top
"R458","Rled","R_0402_1005Metric",173.124000,-179.006500,180.000000,top
"R459","Rled","R_0402_1005Metric",179.347000,-173.926500,180.000000,top
"R460","Rled","R_0402_1005Metric",173.187500,-182.181500,180.000000,top
"R461","Rled","R_0402_1005Metric",179.347000,-179.006500,180.000000,top
"R462","Rled","R_0402_1005Metric",179.347000,-182.181500,180.000000,top
"R463","Rled","R_0402_1005Metric",186.159000,-173.926500,180.000000,top
"R464","Rled","R_0402_1005Metric",190.373000,-180.975000,180.000000,top
"R465","Rled","R_0402_1005Metric",194.246500,-173.990000,180.000000,top
"R466","Rled","R_0402_1005Metric",190.396000,-182.118000,180.000000,top
"R467","Rled","R_0402_1005Metric",190.413500,-173.799500,180.000000,top
"R468","Rled","R_0402_1005Metric",190.396000,-177.165000,180.000000,top
"R469","Rled","R_0402_1005Metric",63.015000,-192.405000,180.000000,top
"R470","Rled","R_0402_1005Metric",64.539000,-199.644000,180.000000,top
"R471","Rled","R_0402_1005Metric",66.952000,-193.802000,180.000000,top
"R472","Rled","R_0402_1005Metric",62.761000,-203.708000,180.000000,top
"R473","Rled","R_0402_1005Metric",66.779000,-201.930000,180.000000,top
"R474","Rled","R_0402_1005Metric",65.936000,-197.358000,180.000000,top
"R475","Rled","R_0402_1005Metric",76.794500,-203.708000,180.000000,top
"R476","Rled","R_0402_1005Metric",80.414000,-198.818500,180.000000,top
"R477","Rled","R_0402_1005Metric",76.898500,-192.659000,180.000000,top
"R478","Rled","R_0402_1005Metric",76.835000,-197.802500,180.000000,top
"R479","Rled","R_0402_1005Metric",80.899000,-201.653000,270.000000,top
"R480","Rled","R_0402_1005Metric",80.645000,-193.738500,180.000000,top
"R481","Rled","R_0402_1005Metric",88.519000,-198.755000,180.000000,top
"R482","Rled","R_0402_1005Metric",88.519000,-193.802000,180.000000,top
"R483","Rled","R_0402_1005Metric",94.765000,-193.802000,180.000000,top
"R484","Rled","R_0402_1005Metric",88.415000,-202.184000,180.000000,top
"R485","Rled","R_0402_1005Metric",94.742000,-198.755000,180.000000,top
"R486","Rled","R_0402_1005Metric",94.765000,-202.184000,180.000000,top
"R487","Rled","R_0402_1005Metric",108.544500,-202.057000,180.000000,top
"R488","Rled","R_0402_1005Metric",103.591500,-193.802000,180.000000,top
"R489","Rled","R_0402_1005Metric",108.925500,-193.802000,180.000000,top
"R490","Rled","R_0402_1005Metric",104.099500,-199.707500,180.000000,top
"R491","Rled","R_0402_1005Metric",107.251500,-199.707500,180.000000,top
"R492","Rled","R_0402_1005Metric",102.702500,-202.057000,180.000000,top
"R493","Rled","R_0402_1005Metric",117.244000,-193.738500,180.000000,top
"R494","Rled","R_0402_1005Metric",122.641500,-198.882000,180.000000,top
"R495","Rled","R_0402_1005Metric",123.022500,-202.120500,180.000000,top
"R496","Rled","R_0402_1005Metric",117.307500,-202.120500,180.000000,top
"R497","Rled","R_0402_1005Metric",122.872500,-193.802000,180.000000,top
"R498","Rled","R_0402_1005Metric",117.180500,-198.882000,180.000000,top
"R499","Rled","R_0402_1005Metric",136.484500,-201.295000,180.000000,top
"R500","Rled","R_0402_1005Metric",131.595000,-201.295000,180.000000,top
"R501","Rled","R_0402_1005Metric",136.929000,-199.326500,180.000000,top
"R502","Rled","R_0402_1005Metric",130.960000,-193.802000,180.000000,top
"R503","Rled","R_0402_1005Metric",130.937000,-199.453500,180.000000,top
"R504","Rled","R_0402_1005Metric",137.096500,-193.929000,180.000000,top
"R505","Rled","R_0402_1005Metric",145.247500,-193.802000,180.000000,top
"R506","Rled","R_0402_1005Metric",150.899000,-202.057000,180.000000,top
"R507","Rled","R_0402_1005Metric",146.390500,-199.326500,180.000000,top
"R508","Rled","R_0402_1005Metric",149.606000,-199.326500,180.000000,top
"R509","Rled","R_0402_1005Metric",144.930000,-202.057000,180.000000,top
"R510","Rled","R_0402_1005Metric",151.216500,-193.802000,180.000000,top
"R511","Rled","R_0402_1005Metric",179.410500,-198.691500,180.000000,top
"R512","Rled","R_0402_1005Metric",173.187500,-198.691500,180.000000,top
"R513","Rled","R_0402_1005Metric",179.410500,-193.802000,180.000000,top
"R514","Rled","R_0402_1005Metric",173.505000,-200.850500,180.000000,top
"R515","Rled","R_0402_1005Metric",173.187500,-193.802000,180.000000,top
"R516","Rled","R_0402_1005Metric",179.156500,-200.850500,180.000000,top
"R517","Rled","R_0402_1005Metric",187.157500,-193.802000,180.000000,top
"R518","Rled","R_0402_1005Metric",187.284500,-198.882000,180.000000,top
"R519","Rled","R_0402_1005Metric",193.507500,-193.802000,180.000000,top
"R520","Rled","R_0402_1005Metric",187.221000,-202.120500,180.000000,top
"R521","Rled","R_0402_1005Metric",193.507500,-202.057000,180.000000,top
"R522","Rled","R_0402_1005Metric",193.444000,-198.818500,180.000000,top
"R523","Rled","R_0402_1005Metric",201.485500,-193.802000,180.000000,top
"R524","Rled","R_0402_1005Metric",201.445000,-199.580500,180.000000,top
"R525","Rled","R_0402_1005Metric",206.819500,-195.008500,180.000000,top
"R526","Rled","R_0402_1005Metric",201.295000,-202.057000,180.000000,top
"R527","Rled","R_0402_1005Metric",208.747500,-202.057000,180.000000,top
"R528","Rled","R_0402_1005Metric",205.001000,-199.644000,180.000000,top
"R529","1kΩ","R_0402_1005Metric",227.480000,-154.940000,0.000000,top
"R530","4.7kΩ","R_0402_1005Metric",224.940000,-80.645000,0.000000,top
"R531","4.7kΩ","R_0402_1005Metric",224.940000,-81.915000,0.000000,top
"R532","1kΩ","R_0402_1005Metric",50.800000,-65.555000,270.000000,top
"R533","1kΩ","R_0402_1005Metric",49.530000,-65.555000,270.000000,top
"R534","1kΩ","R_0402_1005Metric",51.285000,-177.800000,180.000000,top
"R535","1kΩ","R_0402_1005Metric",49.045000,-165.100000,0.000000,top
"U1","74HC595","SOIC-16_3.9x9.9mm_P1.27mm",93.472000,-212.090000,270.000000,top
"U2","74HC595","SOIC-16_3.9x9.9mm_P1.27mm",194.310000,-212.090000,270.000000,top
"U3","74HC595","SOIC-16_3.9x9.9mm_P1.27mm",48.006000,-59.182000,180.000000,top
"U4","74HC595","SOIC-16_3.9x9.9mm_P1.27mm",48.387000,-171.513500,180.000000,top
"U5","PCF8563T","SOIC-8_3.9x4.9mm_P1.27mm",219.710000,-80.010000,0.000000,top
"U6","CH552G","SOP-16_4.4x10.4mm_P1.27mm",220.980000,-150.495000,90.000000,top
"Y1","Crystal","Crystal_SMD_3215-2Pin_3.2x1.5mm",213.995000,-79.355000,90.000000,top
